epoch_datetime,X_km,Y_km,Z_km
2022-12-31 23:30:00,2943.341088,4778.512036,-10904.696182
2022-12-31 23:35:00,4633.687081,4836.120102,-10282.587732
2022-12-31 23:40:00,6235.476152,4730.362236999999,-9461.230212999999
2022-12-31 23:45:00,7711.645416,4468.064459,-8456.825125
2022-12-31 23:50:00,9027.981969,4060.547843,-7289.050566
2022-12-31 23:55:00,10153.935795,3523.259108,-5980.666686
2023-01-01 00:00:00,11063.341422,2875.293283,-4557.067026
2023-01-01 00:05:00,11735.031958000001,2138.822352,-3045.784645
2023-01-01 00:10:00,12153.331853,1338.44596,-1475.9625740000001
2023-01-01 00:15:00,12308.417711999999,500.481957,122.201411
2023-01-01 00:20:00,12196.539752,-347.784154,1718.0253619999999
2023-01-01 00:25:00,11820.099877,-1178.871039,3280.918744
2023-01-01 00:30:00,11187.58576,-1965.8746019999999,4780.952770999999
2023-01-01 00:35:00,10313.363645,-2683.222474,6189.415629
2023-01-01 00:40:00,9217.335812000001,-3307.3909040000003,7479.343242999999
2023-01-01 00:45:00,7924.471484000001,-3817.5661889999997,8626.016955000001
2023-01-01 00:50:00,6464.222532,-4196.234326999999,9607.420308
2023-01-01 00:55:00,4869.837458,-4429.684394,10404.647887000001
2023-01-01 01:00:00,3177.588984,-4508.413141,11002.25998
2023-01-01 01:05:00,1425.932097,-4427.420502,11388.577544
2023-01-01 01:10:00,-345.389362,-4186.388008,11555.912648
2023-01-01 01:15:00,-2096.268502,-3789.7345,11500.730221000002
2023-01-01 01:20:00,-3787.1737289999996,-3246.546088,11223.737475
2023-01-01 01:25:00,-5380.079159,-2570.379891,10729.897992
2023-01-01 01:30:00,-6839.366122,-1778.9439169999998,10028.368054999999
2023-01-01 01:35:00,-8132.67443,-893.6584200000001,9132.353734999999
2023-01-01 01:40:00,-9231.682162000001,60.892688,8058.888405000001
2023-01-01 01:45:00,-10112.793271,1057.6084990000002,6828.531859000001
2023-01-01 01:50:00,-10757.713513,2067.600615,5464.994
2023-01-01 01:55:00,-11153.897161,3060.987065,3994.688094
2023-01-01 02:00:00,-11294.849705,4007.7293250000002,2446.220807
2023-01-01 02:05:00,-11180.275312999998,4878.488772,849.8285330000001
2023-01-01 02:10:00,-10816.062222999999,5645.477291,-763.2282809999999
2023-01-01 02:15:00,-10214.104252000001,6283.276065999999,-2361.299236
2023-01-01 02:20:00,-9391.961975,6769.596936,-3912.991446
2023-01-01 02:25:00,-8372.372671000001,7085.962195,-5387.814467
2023-01-01 02:30:00,-7182.623421,7218.281239,-6756.806588
2023-01-01 02:35:00,-5853.8064970000005,7157.306044,-7993.127025999999
2023-01-01 02:40:00,-4419.97996,6898.951654,-9072.599866
2023-01-01 02:45:00,-2917.259071,6444.472545,-9974.197476
2023-01-01 02:50:00,-1382.865588,5800.490406999999,-10680.453275
2023-01-01 02:55:00,145.837527,4978.873555,-11177.796044
2023-01-01 03:00:00,1632.299027,3996.47254,-11456.80026
2023-01-01 03:05:00,3041.6943309999997,2874.7205099999996,-11512.349224
2023-01-01 03:10:00,4341.778964,1639.11032,-11343.709824
2023-01-01 03:15:00,5503.659541,318.563381,-10954.51969
2023-01-01 03:20:00,6502.4643080000005,-1055.29241,-10352.689151
2023-01-01 03:25:00,7317.898491999999,-2448.916421,-9550.221868
2023-01-01 03:30:00,7934.673025,-3827.7001320000004,-8562.959189
2023-01-01 03:35:00,8342.798621,-5156.841589,-7410.254403
2023-01-01 03:40:00,8537.74058,-6402.227483,-6114.584001
2023-01-01 03:45:00,8520.433174,-7531.300925,-4701.104007
2023-01-01 03:50:00,8297.155853,-8513.893517,-3197.160187
2023-01-01 03:55:00,7879.276785,-9323.00132,-1631.761589
2023-01-01 04:00:00,7282.872354,-9935.485846000001,-35.02738
2023-01-01 04:05:00,6528.23412,-10332.683078,1562.3827509999999
2023-01-01 04:10:00,5639.277307,-10500.905978,3129.844184
2023-01-01 04:15:00,4642.86704,-10431.828588,4637.338684
2023-01-01 04:20:00,3568.0802310000004,-10122.742831,6056.0115
2023-01-01 04:25:00,2445.4221669999997,-9576.682129,7358.7048669999995
2023-01-01 04:30:00,1306.0175060000001,-8802.409047000001,8520.459231
2023-01-01 04:35:00,180.795547,-7814.267084,9518.974298000001
2023-01-01 04:40:00,-900.310627,-6631.899632000001,10335.022793
2023-01-01 04:45:00,-1909.1321799999998,-5279.841712,10952.810646
2023-01-01 04:50:00,-2819.981742,-3786.992621,11360.278065999999
2023-01-01 04:55:00,-3610.3030839999997,-2185.97985,11549.336617
2023-01-01 05:00:00,-4261.237881,-512.4268059999999,11516.038037
2023-01-01 05:05:00,-4758.095857,1195.86105,11260.671008
2023-01-01 05:10:00,-5090.716348,2899.7749440000002,10787.782743000002
2023-01-01 05:15:00,-5253.711426,4559.827724000001,10106.122973
2023-01-01 05:20:00,-5246.583058,6137.104442,9228.508795
2023-01-01 05:25:00,-5073.7094400000005,7594.216316,8171.609967
2023-01-01 05:30:00,-4744.198687,8896.234437000001,6955.655642
2023-01-01 05:35:00,-4271.611422,10011.578603,5604.065263
2023-01-01 05:40:00,-3673.557557,10912.836417999999,4143.008397
2023-01-01 05:45:00,-2971.1764479999997,11577.48842,2600.900504
2023-01-01 05:50:00,-2188.513591,11988.516558,1007.8439579999999
2023-01-01 05:55:00,-1351.8108300000001,12134.876021,-604.974187
2023-01-01 06:00:00,-488.73046,12011.814102,-2205.914147
2023-01-01 06:05:00,372.463598,11621.024543,-3763.530096
2023-01-01 06:10:00,1203.742536,10970.631251,-5247.215727
2023-01-01 06:15:00,1978.1415319999999,10075.001013000001,-6627.832759
2023-01-01 06:20:00,2670.555179,8954.390542,-7878.307036
2023-01-01 06:25:00,3258.4752230000004,7634.438588000001,-8974.177952
2023-01-01 06:30:00,3722.648483,6145.518731,-9894.088602
2023-01-01 06:35:00,4047.635881,4521.972656000001,-10620.206139
2023-01-01 06:40:00,4222.257079,2801.246775,-11138.564182
2023-01-01 06:45:00,4239.909226,1022.957233,-11439.321527
2023-01-01 06:50:00,4098.752419,-772.090617,-11516.933756999999
2023-01-01 06:55:00,3801.7585520000002,-2542.901958,-11370.236507
2023-01-01 07:00:00,3356.624139,-4249.285688,-11002.44103
2023-01-01 07:05:00,2775.551328,-5852.816421,-10421.044351
2023-01-01 07:10:00,2074.904653,-7317.742235000001,-9637.657699
2023-01-01 07:15:00,1274.754089,-8611.817073,-8667.758159
2023-01-01 07:20:00,398.317637,-9707.038992,-7530.369582
2023-01-01 07:25:00,-528.681015,-10580.278035,-6247.679783
2023-01-01 07:30:00,-1478.722291,-11213.780329,-4844.601952
2023-01-01 07:35:00,-2423.249022,-11595.538117,-3348.289009
2023-01-01 07:40:00,-3333.453259,-11719.518696000001,-1787.610314
2023-01-01 07:45:00,-4181.071095,-11585.748681,-192.600677
2023-01-01 07:50:00,-4939.164992999999,-11200.253498,1406.108068
2023-01-01 07:55:00,-5582.873610000001,-10574.855442,2977.8625150000003
2023-01-01 08:00:00,-6090.1101419999995,-9726.836956000001,4492.559858
2023-01-01 08:05:00,-6442.191715,-8678.478857999999,5921.206802
2023-01-01 08:10:00,-6624.3842,-7456.485911000001,7236.455763
2023-01-01 08:15:00,-6626.349022,-6091.314418,8413.10964
2023-01-01 08:20:00,-6442.480865,-4616.418319,9428.587136
2023-01-01 08:25:00,-6072.127711,-3067.431653,10263.341514
2023-01-01 08:30:00,-5519.6871550000005,-1481.3062009999999,10901.226376
2023-01-01 08:35:00,-4794.575562,104.576289,11329.802856
2023-01-01 08:40:00,-3911.0691779999997,1653.297577,11540.583249
2023-01-01 08:45:00,-2888.018929,3129.28237,11529.20672
2023-01-01 08:50:00,-1748.44326,4499.144155,11295.543308
2023-01-01 08:55:00,-519.0060609999999,5732.478211000001,10843.723009
2023-01-01 09:00:00,770.61046,6802.583178999999,10182.087412
2023-01-01 09:05:00,2088.425227,7687.093424,9323.062291999999
2023-01-01 09:10:00,3400.9544769999998,8368.505728,8282.950632
2023-01-01 09:15:00,4674.066253999999,8834.585547,7081.646955
2023-01-01 09:20:00,5873.872097,9078.640325999999,5742.275495
2023-01-01 09:25:00,6967.6325209999995,9099.650190999999,4290.756729000001
2023-01-01 09:30:00,7924.651091,8902.249892999998,2755.3090610000004
2023-01-01 09:35:00,8717.130953,8496.560029999999,1165.894765
2023-01-01 09:40:00,9320.967761,7897.870201999999,-446.378446
2023-01-01 09:45:00,9716.454044,7126.18165,-2049.886974
2023-01-01 09:50:00,9888.872325999999,6205.621776999999,-3613.13718
2023-01-01 09:55:00,9828.957643,5163.747530000001,-5105.411811
2023-01-01 10:00:00,9533.214332,4030.758545,-6497.401026
2023-01-01 10:05:00,9004.076833000001,2838.644072,-7761.802479
2023-01-01 10:10:00,8249.909548,1620.28979,-8873.875960000001
2023-01-01 10:15:00,7284.846132000001,408.571615,-9811.939823
2023-01-01 10:20:00,6128.473771,-764.536575,-10557.798486
2023-01-01 10:25:00,4805.372566999999,-1868.815607,-11097.0927
2023-01-01 10:30:00,3344.52417,-2876.590479,-11419.566625
2023-01-01 10:35:00,1778.6069850000001,-3763.4357459999997,-11519.248115
2023-01-01 10:40:00,143.19782,-4508.779239,-11394.540717
2023-01-01 10:45:00,-1524.098368,-5096.389951,-11048.227805999999
2023-01-01 10:50:00,-3184.5678080000002,-5514.73965,-10487.391001
2023-01-01 10:55:00,-4799.332928999999,-5757.231394,-9723.246422
2023-01-01 11:00:00,-6330.299638,-5822.291801,-8770.903663000001
2023-01-01 11:05:00,-7741.083833,-5713.327372000001,-7649.053408
2023-01-01 11:10:00,-8997.894948000001,-5438.548543999999,-6379.590606
2023-01-01 11:15:00,-10070.355583,-5010.668317,-4987.181051
2023-01-01 11:20:00,-10932.237977,-4446.485292,-3498.7800129999996
2023-01-01 11:25:00,-11562.100209,-3766.363625,-1943.112259
2023-01-01 11:30:00,-11943.807531,-2993.624799,-350.123338
2023-01-01 11:35:00,-12066.927088999999,-2153.8680679999998,1249.587618
2023-01-01 11:40:00,-11926.987447000001,-1274.237982,2825.34317
2023-01-01 11:45:00,-11525.597629,-382.658412,4346.960585
2023-01-01 11:50:00,-10870.423795,492.946994,5785.312553999999
2023-01-01 11:55:00,-9975.024937999999,1325.428001,7112.866108
2023-01-01 12:00:00,-8858.552142,2089.155252,8304.190884
2023-01-01 12:05:00,-7545.318774,2760.723528,9336.428702
2023-01-01 12:10:00,-6064.25152,3319.593656,10189.717216000001
2023-01-01 12:15:00,-4448.234393,3748.657476,10847.561205
2023-01-01 12:20:00,-2733.3597990000003,4034.712067,11297.145727
2023-01-01 12:25:00,-958.102513,4168.831397,11529.586096
2023-01-01 12:30:00,837.566088,4146.625725,11540.110294
2023-01-01 12:35:00,2613.104907,3968.381396,11328.170062000001
2023-01-01 12:40:00,4328.351406000001,3639.076063,10897.477468000001
2023-01-01 12:45:00,5944.470503,3168.267,10255.964381
2023-01-01 12:50:00,7424.882419,2569.8529679999997,9415.663046
2023-01-01 12:55:00,8736.147127,1861.713184,8392.50706
2023-01-01 13:00:00,9848.782877,1065.230241,7206.053387
2023-01-01 13:05:00,10737.996509999999,204.70732800000002,5879.127785000001
2023-01-01 13:10:00,11384.304419,-693.306377,4437.398028
2023-01-01 13:15:00,11774.024906999999,-1600.764839,2908.881511
2023-01-01 13:20:00,11899.625558,-2488.9284079999998,1323.396133
2023-01-01 13:25:00,11759.913031,-3329.19817,-288.034435
2023-01-01 13:30:00,11360.057259,-4093.956577,-1893.807981
2023-01-01 13:35:00,10711.447318,-4757.388599999999,-3462.388783
2023-01-01 13:40:00,9831.381878,-5296.257803,-4962.954739
2023-01-01 13:45:00,8742.602814,-5690.613008,-6366.030591
2023-01-01 13:50:00,7472.685904,-5924.4034919999995,-7644.091622000001
2023-01-01 13:55:00,6053.307223,-5985.9838310000005,-8772.123293999999
2023-01-01 14:00:00,4519.407684000001,-5868.493387,-9728.123856
2023-01-01 14:05:00,2908.2809389999998,-5570.0997,-10493.539042999999
2023-01-01 14:10:00,1258.611544,-5094.099604,-11053.620261
2023-01-01 14:15:00,-390.509144,-4448.876325,-11397.700029
2023-01-01 14:20:00,-2000.562238,-3647.7151,-11519.380831
2023-01-01 14:25:00,-3534.549878,-2708.483818,-11416.635693
2023-01-01 14:30:00,-4957.889131,-1653.188633,-11091.820785
2023-01-01 14:35:00,-6239.229678999999,-507.417527,-10551.602072000001
2023-01-01 14:40:00,-7351.176448,700.312678,-9806.799448999998
2023-01-01 14:45:00,-8270.901323,1939.2882690000001,-8872.153093
2023-01-01 14:50:00,-8980.631176,3177.3903560000003,-7766.017839
2023-01-01 14:55:00,-9468.002665,4381.925891,-6509.992383000001
2023-01-01 15:00:00,-9726.2776,5520.476809999999,-5128.491059
2023-01-01 15:05:00,-9754.416073999999,6561.745775,-3648.266772
2023-01-01 15:10:00,-9557.008046,7476.377305,-2097.894381
2023-01-01 15:15:00,-9144.067388,8237.733786,-507.224361
2023-01-01 15:20:00,-8530.695699999998,8822.607146,1093.183037
2023-01-01 15:25:00,-7736.626156,9211.848659,2672.632736
2023-01-01 15:30:00,-6785.6604179999995,9390.901543,4200.868557
2023-01-01 15:35:00,-5705.013944,9350.223457,5648.635603
2023-01-01 15:40:00,-4524.586934,9085.588781999999,6988.221718999999
2023-01-01 15:45:00,-3276.179499,8598.263482,8193.969098
2023-01-01 15:50:00,-1992.670494,7895.048205,9242.747901
2023-01-01 15:55:00,-707.179809,6988.188194,10114.384595000001
2023-01-01 16:00:00,547.76616,5895.151274,10792.038511
2023-01-01 16:05:00,1741.0465490000001,4638.277836,11262.52089
2023-01-01 16:10:00,2843.716961,3244.309202,11516.551363
2023-01-01 16:15:00,3829.721625,1743.803147,11548.947381
2023-01-01 16:20:00,4676.530216,170.447733,11358.742698999999
2023-01-01 16:25:00,5365.684109,-1439.713072,10949.231549
2023-01-01 16:30:00,5883.238396,-3049.126134,10327.935809
2023-01-01 16:35:00,6220.08784,-4619.630105,9506.493312
2023-01-01 16:40:00,6372.167144999999,-6113.390141,8500.466471999998
2023-01-01 16:45:00,6340.518522,-7493.843951000001,7329.071792000001
2023-01-01 16:50:00,6131.222612,-8726.635036,6014.832489
2023-01-01 16:55:00,5755.192302,-9780.50789,4583.158455
2023-01-01 17:00:00,5227.832912,-10628.139606,3061.859955
2023-01-01 17:05:00,4568.576305,-11246.882933,1480.6037250000002
2023-01-01 17:10:00,3800.3007230000003,-11619.397450999999,-129.677689
2023-01-01 17:15:00,2948.652162,-11734.148145,-1737.4105120000002
2023-01-01 17:20:00,2041.286845,-11585.754384,-3311.023741
2023-01-01 17:25:00,1107.057442,-11175.17695,-4819.596886
2023-01-01 17:30:00,175.167984,-10509.736248,-6233.495364
2023-01-01 17:35:00,-725.6764840000001,-9602.960573,-7524.977824
2023-01-01 17:40:00,-1568.099388,-8474.269039,-8668.760678999999
2023-01-01 17:45:00,-2326.836187,-7148.499136,-9642.526768
2023-01-01 17:50:00,-2979.44891,-5655.2936150000005,-10427.367027
2023-01-01 17:55:00,-3506.9513500000003,-4028.365366,-11008.146377000001
2023-01-01 18:00:00,-3894.3279580000003,-2304.6620099999996,-11373.787412
2023-01-01 18:05:00,-4130.933244,-523.454004,-11517.467797000001
2023-01-01 18:10:00,-4210.762428,1274.628678,-11436.729535
2023-01-01 18:15:00,-4132.588033,3048.585876,-11133.500215
2023-01-01 18:20:00,-3899.960952,4758.0374249999995,-10614.02806
2023-01-01 18:25:00,-3521.078132,6364.1898439999995,-9888.734051000001
2023-01-01 18:30:00,-3008.522412,7830.756405,-8971.985687999999
2023-01-01 18:35:00,-2378.883195,9124.809066,-7881.798075000001
2023-01-01 18:40:00,-1652.269477,10217.54279,-6639.469109000001
2023-01-01 18:45:00,-851.7292709999999,11084.935112,-5269.156467
2023-01-01 18:50:00,-2.591616,11708.28653,-3797.404896
2023-01-01 18:55:00,868.2509080000001,12074.630219,-2252.633027
2023-01-01 19:00:00,1733.099939,12177.002776000001,-664.589513
2023-01-01 19:05:00,2564.229317,12014.571107999998,936.2112920000001
2023-01-01 19:10:00,3334.663011,11592.614092,2519.063681
2023-01-01 19:15:00,4018.932942,10922.361137,4053.64462
2023-01-01 19:20:00,4593.797494,10020.693097,5510.577418
2023-01-01 19:25:00,5038.902669,8909.713943,6861.975507
2023-01-01 19:30:00,5337.369449,7616.204318,8081.957376
2023-01-01 19:35:00,5476.292762,6170.970509,9147.124388
2023-01-01 19:40:00,5447.139688,4608.104313,10036.994042999999
2023-01-01 19:45:00,5246.036786000001,2964.1708599999997,10734.382059
2023-01-01 19:50:00,4873.9388930000005,1277.342566,11225.727448000001
2023-01-01 19:55:00,4336.674167,-413.50178000000005,11501.355454
2023-01-01 20:00:00,3644.862679,-2069.693223,11555.673811
2023-01-01 20:05:00,2813.708438,-3653.6841889999996,11387.298345000001
2023-01-01 20:10:00,1862.66741,-5129.935208,10999.104474
2023-01-01 20:15:00,814.9969699999999,-6465.756555,10398.20185
2023-01-01 20:20:00,-302.804807,-7632.08487,9595.830287
2023-01-01 20:25:00,-1461.658598,-8604.175467000001,8607.176197
2023-01-01 20:30:00,-2630.647579,-9362.192097,7451.1099730000005
2023-01-01 20:35:00,-3777.8279350000003,-9891.677465,6149.846267
2023-01-01 20:40:00,-4871.0856890000005,-10183.889836999999,4728.531057
2023-01-01 20:45:00,-5879.016815999999,-10235.994085,3214.7615809999998
2023-01-01 20:50:00,-6771.805717,-10051.099193,1638.047589
2023-01-01 20:55:00,-7522.076057,-9638.138683000001,29.224635
2023-01-01 21:00:00,-8105.6878990000005,-9011.595273,-1580.16789
2023-01-01 21:05:00,-8502.45604,-8191.076226,-3158.529559
2023-01-01 21:10:00,-8696.766527000002,-7200.750991000001,-4674.847008000001
2023-01-01 21:15:00,-8678.071495999999,-6068.667635,-6099.331273
2023-01-01 21:20:00,-8441.246569,-4825.9688080000005,-7404.028566999999
2023-01-01 21:25:00,-7986.799722,-3506.031243,-8563.389683
2023-01-01 21:30:00,-7320.925555,-2143.555045,-9554.784721999999
2023-01-01 21:35:00,-6455.403969999999,-773.6301040000001,-10358.951823000001
2023-01-01 21:40:00,-5407.34713,569.1930550000001,-10960.3708
2023-01-01 21:45:00,-4198.803079,1851.801635,-11347.555054
2023-01-01 21:50:00,-2856.228287,3043.363798,-11513.25749
2023-01-01 21:55:00,-1409.844571,4116.094948,-11454.588451
2023-01-01 22:00:00,107.101579,5045.928329,-11173.045578
2023-01-01 22:05:00,1659.1573349999999,5813.074484,-10674.457251
2023-01-01 22:10:00,3209.538143,6402.4575350000005,-9968.842719
2023-01-01 22:15:00,4721.036323,6804.019775000001,-9070.19333
2023-01-01 22:20:00,6156.940933,7012.889568,-7996.180469
2023-01-01 22:25:00,7481.946229,7029.411071,-6767.7968789999995
2023-01-01 22:30:00,8663.026609999999,6859.037689000001,-5408.938958
2023-01-01 22:35:00,9670.256901,6512.094488,-3945.938525
2023-01-01 22:40:00,10477.558383,6003.417894,-2407.0532289999996
2023-01-01 22:45:00,11063.352872,5351.883867,-821.9253719999999
2023-01-01 22:50:00,11411.109515,4579.838333,778.980719
2023-01-01 22:55:00,11509.771707,3712.445769,2364.952419
2023-01-01 23:00:00,11354.054431,2776.973627,3905.603336
2023-01-01 23:05:00,10944.605540999999,1802.03152,5371.438539
2023-01-01 23:10:00,10288.027683,816.784823,6734.4008109999995
2023-01-01 23:15:00,9396.760776000001,-149.837375,7968.388878
2023-01-01 23:20:00,8288.828028,-1069.920314,9049.739272
2023-01-01 23:25:00,6987.451292000001,-1917.308603,9957.664342
2023-01-01 23:30:00,5520.544133,-2668.3003369999997,10674.639707
2023-01-01 23:35:00,3920.093297,-3302.273695,11186.735222
2023-01-01 23:40:00,2221.441362,-3802.230981,11483.884211999999
2023-01-01 23:45:00,462.485291,-4155.246851,11560.086344000001
2023-01-01 23:50:00,-1317.192619,-4352.809396,11413.540172
2023-01-01 23:55:00,-3077.2432799999997,-4391.044930999999,11046.701984
2023-01-02 00:00:00,-4777.499292,-4270.819673,10466.268239
2023-01-02 00:05:00,-6378.932379,-3997.713996,9683.079528
2023-01-02 00:10:00,-7844.597525,-3581.867771,8711.944977
2023-01-02 00:15:00,-9140.540507,-3037.6983840000003,7571.387319
2023-01-02 00:20:00,-10236.64511,-2383.4964840000002,6283.3105
2023-01-02 00:25:00,-11107.396481,-1640.908138,4872.593613
2023-01-02 00:30:00,-11732.538127,-834.31575,3366.61706
2023-01-02 00:35:00,-12097.601927,9.866206,1794.729098
2023-01-02 00:40:00,-12194.29346,863.9612900000001,187.663226
2023-01-02 00:45:00,-12020.718882,1699.8447649999998,-1423.0810079999999
2023-01-02 00:50:00,-11581.444377,2489.776517,-3005.87952
2023-01-02 00:55:00,-10887.384619999999,3207.227676,-4529.632060999999
2023-01-02 01:00:00,-9955.522422,3827.675273,-5964.401438
2023-01-02 01:05:00,-8808.467492,4329.340121,-7282.027705
2023-01-02 01:10:00,-7473.867747,4693.845139,-8456.702256999999
2023-01-02 01:15:00,-5983.691404,4906.7742180000005,-9465.488319
2023-01-02 01:20:00,-4373.401906,4958.115355999999,-10288.776344
2023-01-02 01:25:00,-2681.050402,4842.575883,-10910.665156
2023-01-02 01:30:00,-946.3121620000001,4559.761802,-11319.262027
2023-01-02 01:35:00,790.506142,4114.21759,-11506.897238
2023-01-02 01:40:00,2489.4615630000003,3515.3268700000003,-11470.250810000001
2023-01-02 01:45:00,4111.946708,2777.078194,-11210.391062
2023-01-02 01:50:00,5621.614079,1917.703734,-10732.72641
2023-01-02 01:55:00,6985.230796,959.201787,-10046.873404999998
2023-01-02 02:00:00,8173.444006,-73.243212,-9166.445387
2023-01-02 02:05:00,9161.440051000001,-1151.927199,-8108.767293
2023-01-02 02:10:00,9929.483365,-2247.361613,-6894.523217
2023-01-02 02:15:00,10463.324212,-3329.0578100000002,-5547.34422
2023-01-02 02:20:00,10754.46762,-4366.340373999999,-4093.344744
2023-01-02 02:25:00,10800.299269,-5329.168385,-2560.6167379999997
2023-01-02 02:30:00,10604.067538000001,-6188.943705,-978.6911530000001
2023-01-02 02:35:00,10174.724346,-6919.285812,622.023052
2023-01-02 02:40:00,9526.630751,-7496.753709,2210.812086
2023-01-02 02:45:00,8679.136395,-7901.49691,3757.2322969999996
2023-01-02 02:50:00,7656.044736,-8117.819396,5231.676784
2023-01-02 02:55:00,6484.978481,-8134.6427539999995,6605.923916000001
2023-01-02 03:00:00,5196.66162,-7945.857154,7853.6586529999995
2023-01-02 03:05:00,3824.135957,-7550.551554,8950.958298
2023-01-02 03:10:00,2401.931085,-6953.117174,9876.735077
2023-01-02 03:15:00,965.2073660000001,-6163.22108,10613.128782
2023-01-02 03:20:00,-451.108344,-5195.649353,11145.843459000002
2023-01-02 03:25:00,-1813.1745919999998,-4070.0220040000004,11464.422872
2023-01-02 03:30:00,-3089.055664,-2810.384304,11562.460142999998
2023-01-02 03:35:00,-4249.491803999999,-1444.681721,11437.737498
2023-01-02 03:40:00,-5268.601619,-4.128177,11092.292627
2023-01-02 03:45:00,-6124.49996,1477.5200759999998,10532.408746
2023-01-02 03:50:00,-6799.815886,2964.770016,9768.526256
2023-01-02 03:55:00,-7282.096986,4421.259311,8815.074896
2023-01-02 04:00:00,-7564.088369,5810.665650000001,7690.2265099999995
2023-01-02 04:05:00,-7643.877178999999,7097.635633999999,6415.570153
2023-01-02 04:10:00,-7524.896535,8248.709002,5015.713038
2023-01-02 04:15:00,-7215.7863640000005,9233.212667,3517.8130189999997
2023-01-02 04:20:00,-6730.112666,10024.098513,1951.0505130000001
2023-01-02 04:25:00,-6085.951134999999,10598.699364,346.05013
2023-01-02 04:30:00,-5305.345617,10939.379127,-1265.7356599999998
2023-01-02 04:35:00,-4413.656307,11034.055776000001,-2852.66664
2023-01-02 04:40:00,-3438.816694,10876.579633,-4383.563272
2023-01-02 04:45:00,-2410.521698,10466.954179999999,-5828.347349000001
2023-01-02 04:50:00,-1359.3719310000001,9811.392015000001,-7158.658984000001
2023-01-02 04:55:00,-316.000344,8922.204108,-8348.434994
2023-01-02 05:00:00,689.7922149999999,7817.5259670000005,-9374.435153999999
2023-01-02 05:05:00,1629.866794,6520.889399000001,-10216.704634
2023-01-02 05:10:00,2478.5174150000003,5060.653168,-10858.963067
2023-01-02 05:15:00,3213.1618820000003,3469.309791,-11288.913053
2023-01-02 05:20:00,3814.933919,1782.688733,-11498.463309
2023-01-02 05:25:00,4269.161818,39.078478000000004,-11483.863966
2023-01-02 05:30:00,4565.722563,-1721.708726,-11245.753560000001
2023-01-02 05:35:00,4699.264247,-3459.305016,-10789.119085999999
2023-01-02 05:40:00,4669.293356,-5133.763504,-10123.172032999999
2023-01-02 05:45:00,4480.12712,-6706.519368,-9261.144604000001
2023-01-02 05:50:00,4140.71455,-8141.312353,-8220.011532
2023-01-02 05:55:00,3664.333023,-9405.049008,-7020.143982
2023-01-02 06:00:00,3068.170247,-10468.584678,-5684.902946
2023-01-02 06:05:00,2372.8041150000004,-11307.407431,-4240.180383999999
2023-01-02 06:10:00,1601.595317,-11902.208534,-2713.897109
2023-01-02 06:15:00,780.009561,-12239.3269,-1135.4670319999998
2023-01-02 06:20:00,-65.112185,-12311.058057,464.76211099999995
2023-01-02 06:25:00,-906.315968,-12115.821538,2056.081217
2023-01-02 06:30:00,-1716.309641,-11658.184006,3607.995062
2023-01-02 06:35:00,-2468.730138,-10948.738856,5090.79017
2023-01-02 06:40:00,-3138.883681,-10003.846359,6476.085494
2023-01-02 06:45:00,-3704.440308,-8845.241505999998,7737.35674
2023-01-02 06:50:00,-4146.065504,-7499.519466,8850.425898
2023-01-02 06:55:00,-4447.973349999999,-5997.510980999999,9793.908327
2023-01-02 07:00:00,-4598.387563,-4373.562024,10549.610571000001
2023-01-02 07:05:00,-4589.898896,-2664.7337319999997,11102.87285
2023-01-02 07:10:00,-4419.709588000001,-909.939971,11442.850864
2023-01-02 07:15:00,-4089.757908,850.958995,11562.732184
2023-01-02 07:20:00,-3606.718271,2578.087341,11459.883083
2023-01-02 07:25:00,-2981.874974,4232.488907,11135.922258999999
2023-01-02 07:30:00,-2230.870322,5777.0461239999995,10596.718493
2023-01-02 07:35:00,-1373.330804,7177.36161,9852.310069000001
2023-01-02 07:40:00,-432.378042,8402.581258,8916.744695
2023-01-02 07:45:00,565.965526,9426.137952,7807.839951999999
2023-01-02 07:50:00,1593.462993,10226.395848999999,6546.86582
2023-01-02 07:55:00,2620.42486,10787.176609,5158.152626
2023-01-02 08:00:00,3616.526835,11098.151103,3668.62984
2023-01-02 08:05:00,4551.661211000001,11155.0831,2107.303455
2023-01-02 08:10:00,5396.797344,10959.915353,504.68204
2023-01-02 08:15:00,6124.825553999999,10520.693179,-1107.836289
2023-01-02 08:20:00,6711.3584900000005,9851.325767,-2698.602027
2023-01-02 08:25:00,7135.46482,8971.190851,-4236.362329
2023-01-02 08:30:00,7380.311987,7904.593751,-5690.903048
2023-01-02 08:35:00,7433.697647,6680.096806,-7033.668879
2023-01-02 08:40:00,7288.453221,5329.739642,-8238.346399
2023-01-02 08:45:00,6942.70736,3888.174111,-9281.396189
2023-01-02 08:50:00,6400.001923999999,2391.7401579999996,-10142.522051999998
2023-01-02 08:55:00,5669.2578490000005,877.510054,-10805.067558
2023-01-02 09:00:00,4764.5930149999995,-617.671412,-11256.332585999999
2023-01-02 09:05:00,3704.998473,-2058.124183,-11487.804893999999
2023-01-02 09:10:00,2513.883224,-3410.222668,-11495.304044
2023-01-02 09:15:00,1218.5009790000001,-4643.215432,-11279.037048
2023-01-02 09:20:00,-150.724956,-5729.955068,-10843.566902
2023-01-02 09:25:00,-1560.96038,-6647.521565,-10197.696752
2023-01-02 09:30:00,-2977.782506,-7377.725772,-9354.273788
2023-01-02 09:35:00,-4366.04478,-7907.482937,-8329.918190999999
2023-01-02 09:40:00,-5690.762363,-8229.049698,-7144.68346
2023-01-02 09:45:00,-6917.996231,-8340.121349000001,-5821.655454
2023-01-02 09:50:00,-8015.714035,-8243.789611,-4386.4983219999995
2023-01-02 09:55:00,-8954.606594,-7948.364492,-2866.956251
2023-01-02 10:00:00,-9708.840102,-7467.067036,-1292.3206380000001
2023-01-02 10:05:00,-10256.725836,-6817.602803999999,307.12730200000004
2023-01-02 10:10:00,-10581.291273,-6021.628658,1900.688145
2023-01-02 10:15:00,-10670.739057,-5104.1278250000005,3457.819721
2023-01-02 10:20:00,-10518.783062999999,-4092.710173,4948.706185999999
2023-01-02 10:25:00,-10124.853837999999,-3016.856123,6344.810891
2023-01-02 10:30:00,-9494.168781999999,-1907.123592,7619.403761
2023-01-02 10:35:00,-8637.665529,-794.337807,8748.054673
2023-01-02 10:40:00,-7571.799911,291.21619699999997,9709.085099
2023-01-02 10:45:00,-6318.212666,1320.579033,10483.971104
2023-01-02 10:50:00,-4903.271607,2266.861818,11057.691582000001
2023-01-02 10:55:00,-3357.498358,3105.932957,11419.016264
2023-01-02 11:00:00,-1714.891021,3817.0307000000003,11560.728694
2023-01-02 11:05:00,-12.156291999999999,4383.286811,11479.779974
2023-01-02 11:10:00,1712.133429,4792.148465,11177.369682
2023-01-02 11:15:00,3418.440463,5035.687403,10658.951051999999
2023-01-02 11:20:00,5067.20048,5110.787566,9934.158157
2023-01-02 11:25:00,6619.778227,5019.204895999999,9016.653773
2023-01-02 11:30:00,8039.417632000001,4767.495733,7923.897725
2023-01-02 11:35:00,9292.162353,4366.813415,6676.837029
2023-01-02 11:40:00,10347.722069,3832.5761549999997,5299.520968999999
2023-01-02 11:45:00,11180.259869000001,3184.013073,3818.646349
2023-01-02 11:50:00,11769.077008999999,2443.599188,2263.040478
2023-01-02 11:55:00,12099.173335000001,1636.394125,663.0917290000001
2023-01-02 12:00:00,12161.664681,789.302858,-949.8603320000001
2023-01-02 12:05:00,11954.042630999998,-69.71999000000001,-2544.161424
2023-01-02 12:10:00,11480.266883,-912.498391,-4088.490458
2023-01-02 12:15:00,10750.686005000001,-1711.4702909999999,-5552.502965
2023-01-02 12:20:00,9781.78818,-2440.504242,-6907.4540719999995
2023-01-02 12:25:00,8595.789316,-3075.6720750000004,-8126.785752999999
2023-01-02 12:30:00,7220.071237,-3595.954081,-9186.664406
2023-01-02 12:35:00,5686.487316,-3983.8557429999996,-10066.456624
2023-01-02 12:40:00,4030.55665,-4225.918393,-10749.133221999999
2023-01-02 12:45:00,2290.570627,-4313.109888,-11221.593925000001
2023-01-02 12:50:00,506.637447,-4241.085505,-11474.907507
2023-01-02 12:55:00,-1280.309018,-4010.3133399999997,-11504.464397
2023-01-02 13:00:00,-3029.509699,-3626.062563,-11310.040928999999
2023-01-02 13:05:00,-4701.364569,-3098.256707,-10895.776245
2023-01-02 13:10:00,-6258.376498,-2441.1977420000003,-10270.064527
2023-01-02 13:15:00,-7666.032348000001,-1673.169876,-9445.366552
2023-01-02 13:20:00,-8893.601111,-815.934884,-8437.945762
2023-01-02 13:25:00,-9914.831279999999,105.866738,-7267.5351
2023-01-02 13:30:00,-10708.532362,1065.392355,-5956.941802
2023-01-02 13:35:00,-11259.028338,2034.3333440000001,-4531.598222
2023-01-02 13:40:00,-11556.474035,2983.6913250000002,-3019.067524
2023-01-02 13:45:00,-11597.028721,3884.574147,-1448.513782
2023-01-02 13:50:00,-11382.884684,4708.991,149.853507
2023-01-02 13:55:00,-10922.152084000001,5430.626225999999,1745.350148
2023-01-02 14:00:00,-10228.604731000001,6025.572156,3307.392833
2023-01-02 14:05:00,-9321.294707000001,6473.002525000001,4806.069316
2023-01-02 14:10:00,-8224.046639,6755.769662,6212.693318
2023-01-02 14:15:00,-6964.845004,6860.910687,7500.3348320000005
2023-01-02 14:20:00,-5575.129951999999,6780.050203,8644.317218
2023-01-02 14:25:00,-4089.01879,6509.689449,9622.673262
2023-01-02 14:30:00,-2542.4714959999997,6051.374411999999,10416.553172
2023-01-02 14:35:00,-972.4194590000001,5411.738033,11010.578303999999
2023-01-02 14:40:00,584.122959,4602.414237,11393.135156
2023-01-02 14:45:00,2090.944307,3639.824138,11556.604877
2023-01-02 14:50:00,3513.4998050000004,2544.83727,11497.524068
2023-01-02 14:55:00,4819.733668,1342.313378,11216.673205000001
2023-01-02 15:00:00,5980.8411670000005,60.532921,10719.089576
2023-01-02 15:05:00,6971.952294,-1269.472704,10014.002337
2023-01-02 15:10:00,7772.719881,-2614.677384,9114.688209
2023-01-02 15:15:00,8367.796482,-3940.886204,8038.247509
2023-01-02 15:20:00,8747.186171,-5213.611546,6805.301724999999
2023-01-02 15:25:00,8906.459966,-6398.977278,5439.6156009999995
2023-01-02 15:30:00,8846.826647,-7464.626867999999,3967.648832
2023-01-02 15:35:00,8575.054546,-8380.609772,2418.044682
2023-01-02 15:40:00,8103.244167000001,-9120.219887,821.0651770000001
2023-01-02 15:45:00,7448.456190000001,-9660.760286,-792.0153469999999
2023-01-02 15:50:00,6632.204243,-9984.210001,-2389.544701
2023-01-02 15:55:00,5679.826504,-10077.771243000001,-3940.1403020000002
2023-01-02 16:00:00,4619.754551,-9934.279073999998,-5413.333769000001
2023-01-02 16:05:00,3482.7015260000003,-9552.460057,-6780.196679
2023-01-02 16:10:00,2300.794511,-8937.031511,-8013.932032
2023-01-02 16:15:00,1106.6776969999999,-8098.638468,-9090.41729
2023-01-02 16:20:00,-67.386553,-7053.630739,-9988.686652
2023-01-02 16:25:00,-1190.3922479999999,-5823.687499,-10691.342409
2023-01-02 16:30:00,-2233.4149989999996,-4435.301229000001,-11184.887584
2023-01-02 16:35:00,-3170.36532,-2919.136608,-11459.974398
2023-01-02 16:40:00,-3978.650418,-1309.2829450000002,-11511.565455
2023-01-02 16:45:00,-4639.728215,357.579011,-11339.006609
2023-01-02 16:50:00,-5139.540997,2043.073519,-10946.012399000001
2023-01-02 16:55:00,-5468.819754,3708.0663590000004,-10340.566507
2023-01-02 17:00:00,-5623.253949,5313.61784,-9534.741093
2023-01-02 17:05:00,-5603.524997,6821.928888,-8544.440022
2023-01-02 17:10:00,-5415.205196000001,8197.257332000001,-7389.072128
2023-01-02 17:15:00,-5068.527141,9406.782537000001,-6091.161656
2023-01-02 17:20:00,-4578.031802,10421.398007,-4675.903934999999
2023-01-02 17:25:00,-3962.106273,11216.413523,-3170.675101
2023-01-02 17:30:00,-3242.424773,11772.150644,-1604.505309
2023-01-02 17:35:00,-2443.3086460000004,12074.418051999999,-7.525374
2023-01-02 17:40:00,-1591.022913,12114.856179,1589.602875
2023-01-02 17:45:00,-713.028284,11891.143774,3156.2621129999998
2023-01-02 17:50:00,162.79164699999998,11407.062485999999,4662.450557
2023-01-02 17:55:00,1008.9080309999999,10672.418975999999,6079.338619
2023-01-02 18:00:00,1798.909483,9702.827294,7379.801854
2023-01-02 18:05:00,2508.230892,8519.357208000001,8538.921583000001
2023-01-02 18:10:00,3114.830375,7148.056933,9534.445299
2023-01-02 18:15:00,3599.797843,5619.361153,10347.199747999999
2023-01-02 18:20:00,3947.880367,3967.397418,10961.450383
2023-01-02 18:25:00,4147.911386,2229.2057760000002,11365.201652000002
2023-01-02 18:30:00,4193.132922,443.888097,11550.433224999999
2023-01-02 18:35:00,4081.402079,-1348.2950779999999,11513.267826
2023-01-02 18:40:00,3815.27553,-3106.8611090000004,11254.066954
2023-01-02 18:45:00,3401.9681060000003,-4792.055082999999,10777.451285000001
2023-01-02 18:50:00,2853.184393,-6365.791704,10092.243293
2023-01-02 18:55:00,2184.825156,-7792.5673130000005,9211.330547
2023-01-02 19:00:00,1416.573623,-9040.319706,8151.449401
2023-01-02 19:05:00,571.36997,-10081.213532,6932.890156
2023-01-02 19:10:00,-325.214225,-10892.329684,5579.126542999999
2023-01-02 19:15:00,-1245.686358,-11456.238393,4116.374273
2023-01-02 19:20:00,-2161.409456,-11761.437880000001,2573.085662
2023-01-02 19:25:00,-3043.423623,-11802.643494999998,979.3896480000001
2023-01-02 19:30:00,-3863.288415,-11580.916341,-633.5112190000001
2023-01-02 19:35:00,-4593.920771,-11103.625244,-2233.9732510000003
2023-01-02 19:40:00,-5210.402672,-10384.241357,-3790.558589
2023-01-02 19:45:00,-5690.733258,-9441.970319,-5272.68083
2023-01-02 19:50:00,-6016.501753,-8301.232455,-6651.23331
2023-01-02 19:55:00,-6173.4602350000005,-6991.006699,-7899.184564
2023-01-02 20:00:00,-6151.978743,-5544.058368,-8992.12667
2023-01-02 20:05:00,-5947.369360000001,-3996.074411,-9908.76399
2023-01-02 20:10:00,-5560.070344,-2384.732112,-10631.331891000002
2023-01-02 20:15:00,-4995.685956,-748.7285159999999,-11145.937383999999
2023-01-02 20:20:00,-4264.882084,873.2019200000001,-11442.816015
2023-01-02 20:25:00,-3383.14198,2443.254715,-11516.501676000002
2023-01-02 20:30:00,-2370.390154,3925.482589,-11365.908168
2023-01-02 20:35:00,-1250.495766,5286.659463000001,-10994.323187
2023-01-02 20:40:00,-50.669657,6497.060707000001,-10409.317037
2023-01-02 20:45:00,1199.228466,7531.141894,-9622.569737
2023-01-02 20:50:00,2467.454256,8368.101394000001,-8649.621482999999
2023-01-02 20:55:00,3721.194458,8992.31527,-7509.552467
2023-01-02 21:00:00,4927.413211,9393.636304,-6224.599133000001
2023-01-02 21:05:00,6053.707441,9567.552348,-4819.714795
2023-01-02 21:10:00,7069.149825,9515.202637,-3322.083397
2023-01-02 21:15:00,7945.098241000001,9243.254127,-1760.5958540000001
2023-01-02 21:20:00,8655.951646,8763.643278000001,-165.298938
2023-01-02 21:25:00,9179.833778999999,8093.191862,1433.173029
2023-01-02 21:30:00,9499.188055,7253.108248,3004.173332
2023-01-02 21:35:00,9601.269243,6268.388137,4517.614659
2023-01-02 21:40:00,9478.520141,5167.1308229999995,5944.527623
2023-01-02 21:45:00,9128.824207,3979.788744,7257.596574
2023-01-02 21:50:00,8555.62808,2738.36928,8431.663907
2023-01-02 21:55:00,7767.930828,1475.608407,9444.194865
2023-01-02 22:00:00,6780.13966,224.136071,10275.695668
2023-01-02 22:05:00,5611.794516,-984.34712,10910.078576
2023-01-02 22:10:00,4287.166567,-2119.862813,11334.968278
2023-01-02 22:15:00,2834.7380980000003,-3154.899184,11541.944624
2023-01-02 22:20:00,1286.5736180000001,-4065.089343,11526.717284
2023-01-02 22:25:00,-322.40554499999996,-4829.807881,11289.228537
2023-01-02 22:30:00,-1955.228619,-5432.671063,10833.681047
2023-01-02 22:35:00,-3573.747957,-5861.92793,10168.488239
2023-01-02 22:40:00,-5139.557888,-6110.731627,9306.145651
2023-01-02 22:45:00,-6614.938811,-6177.282514,8263.02267
2023-01-02 22:50:00,-7963.803496,-6064.837353,7059.07543
2023-01-02 22:55:00,-9152.621051999999,-5781.582036999999,5717.4835060000005
2023-01-02 23:00:00,-10151.293200999999,-5340.368999,4264.215064
2023-01-02 23:05:00,-10933.957487,-4758.324387,2727.5273169999996
2023-01-02 23:10:00,-11479.692902,-4056.3342009999997,1137.411378
2023-01-02 23:15:00,-11773.105357999999,-3258.422799,-475.00712300000004
2023-01-02 23:20:00,-11804.773482,-2391.041108,-2078.098339
2023-01-02 23:25:00,-11571.539384,-1482.285408,-3640.374515
2023-01-02 23:30:00,-11076.634035000001,-561.0702709999999,-5131.136535000001
2023-01-02 23:35:00,-10329.632378,343.718974,-6521.104687
2023-01-02 23:40:00,-9346.239071,1204.068133,-7783.018114
2023-01-02 23:45:00,-8147.91138,1993.64459,-8892.188449
2023-01-02 23:50:00,-6761.331093999999,2688.5518700000002,-9826.994868000002
2023-01-02 23:55:00,-5217.741889999999,3268.006228,-10569.309932
2023-01-03 00:00:00,-3552.172267,3714.916262,-11104.847991
2023-01-03 00:05:00,-1802.566783,4016.350151,-11423.430355
2023-01-03 00:10:00,-8.850086,4163.878963,-11519.163724
2023-01-03 00:15:00,1788.0509690000001,4153.788445,-11390.530494
2023-01-03 00:20:00,3547.201629,3987.155608,-11040.391368
2023-01-03 00:25:00,5228.644956,3669.790144,-10475.902338
2023-01-03 00:30:00,6794.3548470000005,3212.0443309999996,-9708.349581
2023-01-03 00:35:00,8209.133696,2628.4983679999996,-8752.907128
2023-01-03 00:40:00,9441.433944,1937.531158,-7628.323275999999
2023-01-03 00:45:00,10464.084896,1160.7892120000001,-6356.542753
2023-01-03 00:50:00,11254.908772,322.56870799999996,-4962.272499
2023-01-03 00:55:00,11797.212684,-550.8722809999999,-3472.499735
2023-01-03 01:00:00,12080.146336,-1432.052854,-1915.97164
2023-01-03 01:05:00,12098.918504000001,-2293.040015,-322.646537
2023-01-03 01:10:00,11854.868789,-3106.2308599999997,1276.873206
2023-01-03 01:15:00,11355.3946,-3845.125968,2851.916213
2023-01-03 01:20:00,10613.736715,-4485.07419,4372.314773
2023-01-03 01:25:00,9648.630038000001,-5003.9699550000005,5808.965156
2023-01-03 01:30:00,8483.82915,-5382.885639,7134.366074
2023-01-03 01:35:00,7147.5208729999995,-5606.623272,8323.126447999999
2023-01-03 01:40:00,5671.6382730000005,-5664.171926,9352.434441
2023-01-03 01:45:00,4091.092275,-5549.059327999999,10202.48047
2023-01-03 01:50:00,2442.9385129999996,-5259.588654,10856.827727
2023-01-03 01:55:00,765.498023,-4798.953898,11302.724489
2023-01-03 02:00:00,-902.54886,-4175.229762999999,11531.353208
2023-01-03 02:05:00,-2523.0756469999997,-3401.2345649999997,11538.011999
2023-01-03 02:10:00,-4059.409901,-2494.267258,11322.224733
2023-01-03 02:15:00,-5477.2004879999995,-1475.7223689999998,10887.77648
2023-01-03 02:20:00,-6745.231959,-370.589447,10242.671686000002
2023-01-03 02:25:00,-7836.16651,793.15338,9399.013314
2023-01-03 02:30:00,-8727.194692,1985.239102,8372.802287
2023-01-03 02:35:00,-9400.577281,3173.888991,7183.657980999999
2023-01-03 02:40:00,-9844.062502,4326.64851,5854.462215
2023-01-03 02:45:00,-10051.165278999999,5411.2604630000005,4410.931145
2023-01-03 02:50:00,-10021.298347999998,6396.551611,2881.121679
2023-01-03 02:55:00,-9759.748964,7253.30735,1294.881287
2023-01-03 03:00:00,-9277.499403000002,7955.108265,-316.747664
2023-01-03 03:05:00,-8590.894444,8479.102612,-1922.155898
2023-01-03 03:10:00,-7721.164159,8806.690181,-3489.812813
2023-01-03 03:15:00,-6693.815438,8924.095469,-4988.913843
2023-01-03 03:20:00,-5537.910383,8822.811666,-6390.013462
2023-01-03 03:25:00,-4285.253651999999,8499.901405999999,-7665.628148
2023-01-03 03:30:00,-2969.513754,7958.145141,-8790.79479
2023-01-03 03:35:00,-1625.305015,7206.033109,-9743.57178
2023-01-03 03:40:00,-287.257538,6257.601855999999,-10505.472059
2023-01-03 03:45:00,1010.8979449999999,5132.120976,-11061.819607000001
2023-01-03 03:50:00,2237.2047319999997,3853.6400350000004,-11402.023207
2023-01-03 03:55:00,3362.290886,2450.4093629999998,-11519.763632999999
2023-01-03 04:00:00,4360.095301,954.191421,-11413.092596
2023-01-03 04:05:00,5208.4915710000005,-600.518135,-11084.443745999999
2023-01-03 04:10:00,5889.7955520000005,-2177.338881,-10540.557778999999
2023-01-03 04:15:00,6391.146049999999,-3738.9015449999997,-9792.325106
2023-01-03 04:20:00,6704.751636,-5247.76881,-8854.550851
2023-01-03 04:25:00,6828.000112,-6667.358190999999,-7745.648002999999
2023-01-03 04:30:00,6763.430563,-7962.844406,-6487.265593
2023-01-03 04:35:00,6518.571365,-9102.019471000001,-5103.859705
2023-01-03 04:40:00,6105.650667000001,-10056.089914,-3622.2158769999996
2023-01-03 04:45:00,5541.188868,-10800.392183,-2070.932165
2023-01-03 04:50:00,4845.485337,-11315.009361999999,-479.872656
2023-01-03 04:55:00,4042.014051,-11585.274793,1120.398346
2023-01-03 05:00:00,3156.7448640000002,-11602.151076,2699.191081
2023-01-03 05:05:00,2217.408665,-11362.476003,4226.263690999999
2023-01-03 05:10:00,1252.72574,-10869.070221999998,5672.384165
2023-01-03 05:15:00,291.617189,-10130.704700999999,7009.87129
2023-01-03 05:20:00,-637.5807560000001,-9161.929186000001,8213.105739
2023-01-03 05:25:00,-1507.88006,-7982.765877999999,9259.003149
2023-01-03 05:30:00,-2294.363304,-6618.275246,10127.441884
2023-01-03 05:35:00,-2974.8478029999997,-5098.00344,10801.638937000002
2023-01-03 05:40:00,-3530.475519,-3455.322929,11268.468231
2023-01-03 05:45:00,-3946.214524,-1726.680022,11518.716242
2023-01-03 05:50:00,-4211.259652,49.235353,11547.270443
2023-01-03 05:55:00,-4319.3219579999995,1832.380452,11353.236647
2023-01-03 06:00:00,-4268.798819000001,3582.2924270000003,10939.981905999999
2023-01-03 06:05:00,-4062.818952,5259.042746,10315.10033
2023-01-03 06:10:00,-3709.159275,6824.191874,9490.300013
2023-01-03 06:15:00,-3220.033484,8241.721653,8481.210282
2023-01-03 06:20:00,-2611.75542,9478.922057,7307.109846
2023-01-03 06:25:00,-1904.283791,10507.208765000001,5990.578086
2023-01-03 06:30:00,-1120.658433,11302.84848,4557.073692
2023-01-03 06:35:00,-286.341972,11847.570169,3034.447045
2023-01-03 06:40:00,571.5157240000001,12129.042661,1452.395
2023-01-03 06:45:00,1424.869689,12141.202249,-158.130918
2023-01-03 06:50:00,2245.605391,11884.418232,-1765.549869
2023-01-03 06:55:00,3006.372702,11365.489433,-3338.295955
2023-01-03 07:00:00,3681.4026120000003,10597.470279,-4845.465759
2023-01-03 07:05:00,4247.281324,9599.330765,-6257.453245
2023-01-03 07:10:00,4683.657649,8395.46017,-7546.556361999999
2023-01-03 07:15:00,4973.861965,7015.029624,-8687.540679
2023-01-03 07:20:00,5105.4181229999995,5491.233096,-9658.146912
2023-01-03 07:25:00,5070.433551,3860.429912,-10439.531255000002
2023-01-03 07:30:00,4865.856966,2161.214337,-11016.629719
2023-01-03 07:35:00,4493.5975020000005,433.439093,-11378.44012
2023-01-03 07:40:00,3960.5033139999996,-1282.7800149999998,-11518.217713
2023-01-03 07:45:00,3278.2018399999997,-2948.05177,-11433.582693
2023-01-03 07:50:00,2462.807597,-4524.664251,-11126.539717
2023-01-03 07:55:00,1534.506791,-5977.48315,-10603.411312
2023-01-03 08:00:00,517.0309149999999,-7274.772545,-9874.688504000002
2023-01-03 08:05:00,-562.96588,-8388.919526,-8954.803273
2023-01-03 08:10:00,-1676.608776,-9297.046890000001,-7861.828564
2023-01-03 08:15:00,-2793.565003,-9981.501123,-6617.112616
2023-01-03 08:20:00,-3882.8473849999996,-10430.206059,-5244.8552740000005
2023-01-03 08:25:00,-4913.637982,-10636.875939,-3771.634806
2023-01-03 08:30:00,-5856.110774,-10601.084991,-2225.894415
2023-01-03 08:35:00,-6682.23251,-10328.194098,-637.398233
2023-01-03 08:40:00,-7366.521513000001,-9829.138517000001,963.333024
2023-01-03 08:45:00,-7886.745476,-9120.083906,2545.596377
2023-01-03 08:50:00,-8224.540928,-8221.960919,4079.080531
2023-01-03 08:55:00,-8365.939151,-7159.891353,5534.4293689999995
2023-01-03 09:00:00,-8301.785715,-5962.521111999999,6883.785411999999
2023-01-03 09:05:00,-8028.043403,-4661.277045,8101.304249
2023-01-03 09:10:00,-7545.9710190000005,-3289.5660780000003,9163.631761
2023-01-03 09:15:00,-6862.173334,-1881.935888,10050.336695
2023-01-03 09:20:00,-5988.520158,-473.216794,10744.292024
2023-01-03 09:25:00,-4941.93517,902.335407,11231.999218
2023-01-03 09:30:00,-3744.057766,2211.876209,11503.850268999999
2023-01-03 09:35:00,-2420.783708,3424.769852,11554.322925
2023-01-03 09:40:00,-1001.692893,4513.329269999999,11382.105147
2023-01-03 09:45:00,480.624915,5453.481306,10990.145398
2023-01-03 09:50:00,1991.332965,6225.341126,10385.626051000001
2023-01-03 09:55:00,3494.1830520000003,6813.681269000001,9579.858057
2023-01-03 10:00:00,4952.405237,7208.282577,8588.096008999999
2023-01-03 10:05:00,6329.630873,7404.156497999999,7429.274034
2023-01-03 10:10:00,7590.825924,7401.630894999999,6125.664534
2023-01-03 10:15:00,8703.209803,7206.294751,4702.463745
2023-01-03 10:20:00,9637.133945,6828.800836,3187.310283
2023-01-03 10:25:00,10366.894107,6284.529649,1609.7451540000002
2023-01-03 10:30:00,10871.45131,5593.122321000001,0.6240330000000001
2023-01-03 10:35:00,11135.038313,4777.894757,-1608.505405
2023-01-03 10:40:00,11147.631617000001,3865.14948,-3186.0466030000002
2023-01-03 10:45:00,10905.273141000001,2883.40549,-4701.002157
2023-01-03 10:50:00,10410.230539,1862.569426,-6123.61078
2023-01-03 10:55:00,9670.990586,833.0734669999999,-7425.957422
2023-01-03 11:00:00,8702.085692,-174.99354699999998,-8582.541712
2023-01-03 11:05:00,7523.759153,-1132.7353999999998,-9570.791428999999
2023-01-03 11:10:00,6161.479821000001,-2013.252942,-10371.509756
2023-01-03 11:15:00,4645.321235,-2792.380594,-10969.247342
2023-01-03 11:20:00,3009.223839,-3449.334589,-11352.592598
2023-01-03 11:25:00,1290.16161,-3967.256022,-11514.375983
2023-01-03 11:30:00,-472.763734,-4333.635431,-11451.786249
2023-01-03 11:35:00,-2239.276633,-4540.609458,-11166.398557
2023-01-03 11:40:00,-3968.9050359999997,-4585.12398,-10664.116186000001
2023-01-03 11:45:00,-5621.956716,-4468.961871,-9955.02908
2023-01-03 11:50:00,-7160.4708439999995,-4198.637097,-9053.193743
2023-01-03 11:55:00,-8549.122238,-3785.160198,-7976.340127
2023-01-03 12:00:00,-9756.057191,-3243.683328,-6745.512156999999
2023-01-03 12:05:00,-10753.641701999999,-2593.035847,-5384.649463000001
2023-01-03 12:10:00,-11519.105174,-1855.164043,-3920.1187250000003
2023-01-03 12:15:00,-12035.065263,-1054.49071,-2380.2037450000003
2023-01-03 12:20:00,-12289.922477,-217.212174,-794.563986
2023-01-03 12:25:00,-12278.116331000001,629.4483419999999,806.32829
2023-01-03 12:30:00,-12000.238254,1458.011204,2391.761886
2023-01-03 12:35:00,-11462.999914,2241.514608,3931.361167
2023-01-03 12:40:00,-10679.059069,2954.27265,5395.651087
2023-01-03 12:45:00,-9666.708243000001,3572.598005,6756.603066
2023-01-03 12:50:00,-8449.434584,4075.471122,7988.1526969999995
2023-01-03 12:55:00,-7055.361841,4445.139357,9066.680988
2023-01-03 13:00:00,-5516.587686,4667.631270999999,9971.45167
2023-01-03 13:05:00,-3868.431474,4733.173319,10684.99786
2023-01-03 13:10:00,-2148.6091499999998,4636.498331000001,11193.45211
2023-01-03 13:15:00,-396.353255,4377.037538,11486.81462
2023-01-03 13:20:00,1348.502995,3958.9903,11559.155067
2023-01-03 13:25:00,3046.45793,3391.268221,11408.744131
2023-01-03 13:30:00,4659.269738,2687.312895,11038.111288
2023-01-03 13:35:00,6150.860188,1864.789287,10454.026069
2023-01-03 13:40:00,7488.172858,945.1596450000001,9667.400701999999
2023-01-03 13:45:00,8641.964926999999,-46.854021,8693.113110999999
2023-01-03 13:50:00,9587.512087,-1083.907629,7549.750515
2023-01-03 13:55:00,10305.207116,-2136.758296,6259.275505
2023-01-03 14:00:00,10781.034341,-3175.055391,4846.618438
2023-01-03 14:05:00,11006.904747999999,-4168.1786090000005,3339.202113
2023-01-03 14:10:00,10980.839762,-5086.0998119999995,1766.407014
2023-01-03 14:15:00,10706.995862,-5900.243565999999,158.987664
2023-01-03 14:20:00,10195.526961,-6584.320399,-1451.547286
2023-01-03 14:25:00,9462.286734,-7115.106911000001,-3033.576896
2023-01-03 14:30:00,8528.378525,-7473.148105,-4556.016203
2023-01-03 14:35:00,7419.565726,-7643.359644,-5988.954957999999
2023-01-03 14:40:00,6165.560309,-7615.511001,-7304.271019000001
2023-01-03 14:45:00,4799.211235999999,-7384.574514000001,-8476.203486999999
2023-01-03 14:50:00,3355.617557,-6950.929966,-9481.872127
2023-01-03 14:55:00,1871.192983,-6320.4191390000005,-10301.73157
2023-01-03 15:00:00,382.70950799999997,-5504.2496550000005,-10919.951082
2023-01-03 15:05:00,-1073.652593,-4518.751957,-11324.713053
2023-01-03 15:10:00,-2463.2222880000004,-3384.997517,-11508.425761
2023-01-03 15:15:00,-3753.698727,-2128.289949,-11467.848177
2023-01-03 15:20:00,-4915.93405,-777.543825,-11204.126618
2023-01-03 15:25:00,-5924.619498,635.431593,-10722.744807
2023-01-03 15:30:00,-6758.859467,2076.724495,-10033.390434
2023-01-03 15:35:00,-7402.621499,3511.168,-9149.742594000001
2023-01-03 15:40:00,-7845.053586,4903.221383,-8089.185584
2023-01-03 15:45:00,-8080.663591,6217.862996,-6872.45561
2023-01-03 15:50:00,-8109.3589919999995,7421.472742999999,-5523.227894000001
2023-01-03 15:55:00,-7936.348605,8482.682399,-4067.6525380000003
2023-01-03 16:00:00,-7571.911224,9373.173047,-2533.8482489999997
2023-01-03 16:05:00,-7031.039255,10068.40031,-951.3635790000001
2023-01-03 16:10:00,-6332.968317,10548.22991,649.384245
2023-01-03 16:15:00,-5500.606372,10797.468376,2237.682542
2023-01-03 16:20:00,-4559.8781770000005,10806.276364,3783.0981060000004
2023-01-03 16:25:00,-3539.002678,10570.454973,5256.043603
2023-01-03 16:30:00,-2467.722264,10091.598616000001,6628.325691999999
2023-01-03 16:35:00,-1376.5035560000001,9377.11111,7873.665772
2023-01-03 16:40:00,-295.72961300000003,8440.08475,8968.185018
2023-01-03 16:45:00,745.0968029999999,7299.044930999999,9890.846204
2023-01-03 16:50:00,1718.119868,5977.565642,10623.845539999998
2023-01-03 16:55:00,2597.849124,4503.763637,11152.948568
2023-01-03 17:00:00,3361.812828,2909.681399,11467.764826999999
2023-01-03 17:05:00,3991.130738,1230.5711629999998,11561.956621
2023-01-03 17:10:00,4470.992496,-495.905685,11433.377816
2023-01-03 17:15:00,4791.029570000001,-2230.547545,11084.13911
2023-01-03 17:20:00,4945.570741,-3933.531676,10520.596898
2023-01-03 17:25:00,4933.773413,-5565.363341,9753.263589
2023-01-03 17:30:00,4759.625618,-7087.833243,8796.638239
2023-01-03 17:35:00,4431.816547,-8464.960066,7668.957694
2023-01-03 17:40:00,3963.476731,-9663.893899,6391.870019
2023-01-03 17:45:00,3371.792606,-10655.756014,4990.033877000001
2023-01-03 17:50:00,2677.503936,-11416.390803999999,3490.64965
2023-01-03 17:55:00,1904.296496,-11927.006999,1922.930265
2023-01-03 18:00:00,1078.1061140000002,-12174.687515000001,317.52198
2023-01-03 18:05:00,226.35367000000002,-12152.750551000001,-1294.1125519999998
2023-01-03 18:10:00,-622.866414,-11860.948859999999,-2880.334719
2023-01-03 18:15:00,-1441.619571,-11305.499335,-4409.9784230000005
2023-01-03 18:20:00,-2202.960638,-10498.940819,-5852.990531
2023-01-03 18:25:00,-2881.733862,-9459.823828,-7181.047465
2023-01-03 18:30:00,-3455.318696,-8212.241567,-8368.132883999999
2023-01-03 18:35:00,-3904.2988029999997,-6785.216719999999,-9391.06284
2023-01-03 18:40:00,-4213.034532,-5211.9629429999995,-10229.94675
2023-01-03 18:45:00,-4370.122706,-3529.043344,-10868.574749
2023-01-03 18:50:00,-4368.731473,-1775.4506939999999,-11294.72434
2023-01-03 18:55:00,-4206.802121000001,8.364528,-11500.381688
2023-01-03 19:00:00,-3887.1139190000004,1781.491692,-11481.875109999999
2023-01-03 19:05:00,-3417.211996,3503.557033,-11239.920401000001
2023-01-03 19:10:00,-2809.202019,5135.695012,-10779.579376
2023-01-03 19:15:00,-2079.418828,6641.470473,-10110.134531
2023-01-03 19:20:00,-1247.9792360000001,7987.7299649999995,-9244.884025000001
2023-01-03 19:25:00,-338.231984,9145.362834000001,-8200.862407999999
2023-01-03 19:30:00,623.879841,10089.955290999998,-6998.493548
2023-01-03 19:35:00,1610.526596,10802.323479,-5661.18318
2023-01-03 19:40:00,2592.7512429999997,11268.914583,-4214.859366000001
2023-01-03 19:45:00,3541.259909,11482.068323000001,-2687.4698620000004
2023-01-03 19:50:00,4427.223267,11440.134517999999,-1108.446078
2023-01-03 19:55:00,5223.068093000001,11147.445924000001,491.85628
2023-01-03 20:00:00,5903.238789,10614.149066,2082.729496
2023-01-03 20:05:00,6444.909667999999,9855.899067,3633.688752
2023-01-03 20:10:00,6828.630199,8893.427592,5115.039552
2023-01-03 20:15:00,7038.887202,7751.995704,6498.427973
2023-01-03 20:20:00,7064.570063,6460.745852,7757.364565000001
2023-01-03 20:25:00,6899.327469,5051.969175,8867.713437
2023-01-03 20:30:00,6541.806646,3560.305847,9808.138802
2023-01-03 20:35:00,5995.768773,2021.8972379999998,10560.502159
2023-01-03 20:40:00,5270.0768020000005,473.50928600000003,11110.204036000001
2023-01-03 20:45:00,4378.554561,-1048.3532480000001,11446.464958
2023-01-03 20:50:00,3339.718563,-2508.321941,11562.540919
2023-01-03 20:55:00,2176.3865419999997,-3873.009812,11455.869191
2023-01-03 21:00:00,915.1694150000001,-5111.807213,11128.140823000002
2023-01-03 21:05:00,-414.14385200000004,-6197.609996,10585.29694
2023-01-03 21:10:00,-1779.296247,-7107.46234,9837.446729000001
2023-01-03 21:15:00,-3146.3526009999996,-7823.0979529999995,8898.706015
2023-01-03 21:20:00,-4480.55163,-8331.364943,7786.956409
2023-01-03 21:25:00,-5747.1997120000005,-8624.521664000002,6523.52648
2023-01-03 21:30:00,-6912.583468000001,-8700.393499,5132.798307
2023-01-03 21:35:00,-7944.876348,-8562.383858,3641.7449589999997
2023-01-03 21:40:00,-8815.013293,-8219.336654,2079.4067379999997
2023-01-03 21:45:00,-9497.50729,-7685.251885,476.31627000000003
2023-01-03 21:50:00,-9971.182450999999,-6978.8606310000005,-1136.115372
2023-01-03 21:55:00,-10219.800058,-6123.07057,-2726.237489
2023-01-03 22:00:00,-10232.557077,-5144.297754,-4262.808186
2023-01-03 22:05:00,-10004.440707,-4071.704519,-5715.636377999999
2023-01-03 22:10:00,-9536.427338,-2936.366767,-7056.201474
2023-01-03 22:15:00,-8835.519575999999,-1770.396148,-8258.235569
2023-01-03 22:20:00,-7914.620381,-606.0439449999999,-9298.2544
2023-01-03 22:25:00,-6792.248678999999,525.1864320000001,-10156.025108
2023-01-03 22:30:00,-5492.105683,1593.392318,-10814.961113
2023-01-03 22:35:00,-4042.505497,2571.0659339999997,-11262.43683
2023-01-03 22:40:00,-2475.686999,3433.808338,-11490.017372999999
2023-01-03 22:45:00,-827.0267389999999,4160.944947,-11493.600687999999
2023-01-03 22:50:00,865.8255740000001,4736.02788,-11273.471533
2023-01-03 22:55:00,2563.866117,5147.214008999999,-10834.268513
2023-01-03 23:00:00,4227.686992,5387.511288,-10184.866855
2023-01-03 23:05:00,5818.433517,5454.889552000001,-9338.181014
2023-01-03 23:10:00,7298.745363,5352.255553,-8310.892392
2023-01-03 23:15:00,8633.658926999999,5087.295416,-7123.108579
2023-01-03 23:20:00,9791.449579,4672.1909479999995,-5797.961468
2023-01-03 23:25:00,10744.394104,4123.219198,-4361.152468
2023-01-03 23:30:00,11469.435710000002,3460.247434,-2840.453782
2023-01-03 23:35:00,11948.736481,2706.1380839999997,-1265.1753270000002
2023-01-03 23:40:00,12170.104888,1886.080191,334.39269
2023-01-03 23:45:00,12127.289128,1026.865568,1927.551234
2023-01-03 23:50:00,11820.130264000001,156.12889199999998,3483.767614
2023-01-03 23:55:00,11254.572549,-698.428406,4973.244204
2023-01-04 00:00:00,10442.531615,-1509.810517,6367.470892
2023-01-04 00:05:00,9401.624434000001,-2252.476373,7639.752006
2023-01-04 00:10:00,8154.767949,-2903.046842,8765.699201
2023-01-04 00:15:00,6729.655933,-3440.952603,9723.682551000002
2023-01-04 00:20:00,5158.125956,-3849.006867,10495.232914999999
2023-01-04 00:25:00,3475.430362,-4113.888895,11065.389405
2023-01-04 00:30:00,1719.426924,-4226.526256,11422.986497
2023-01-04 00:35:00,-70.29368799999999,-4182.365947,11560.875999
2023-01-04 00:40:00,-1853.325165,-3981.526743,11476.079744
2023-01-04 00:45:00,-3589.388079,-3628.8276349999996,11169.869446
2023-01-04 00:50:00,-5239.277228,-3133.6897400000003,10647.770761
2023-01-04 00:55:00,-6765.792571000001,-2509.91182,9919.489251
2023-01-04 01:00:00,-8134.63184,-1775.322539,8998.75686
2023-01-04 01:05:00,-9315.222628000001,-951.31578,7903.098752999999
2023-01-04 01:10:00,-10281.471973,-62.27879,6653.521927
2023-01-04 01:15:00,-11012.412343,865.073644,5274.128827
2023-01-04 01:20:00,-11492.724614,1802.4423359999998,3791.661274
2023-01-04 01:25:00,-11713.121087,2720.744396,2234.982276
2023-01-04 01:30:00,-11670.575048,3590.948951,634.5055629999999
2023-01-04 01:35:00,-11368.387642000002,4384.923396,-978.415127
2023-01-04 01:40:00,-10816.087816,5076.264491000001,-2572.123161
2023-01-04 01:45:00,-10029.166551,5641.088474,-4115.307305
2023-01-04 01:50:00,-9028.652263,6058.755349,-5577.645223
2023-01-04 01:55:00,-7840.539752999999,6312.504479,-6930.426131
2023-01-04 02:00:00,-6495.090155,6389.9817379999995,-8147.137245
2023-01-04 02:05:00,-5026.023494,6283.642269,-9204.000097999999
2023-01-04 02:10:00,-3469.6285430000003,5991.017269999999,-10080.444697
2023-01-04 02:15:00,-1863.816572,5514.837764000001,-10759.511753
2023-01-04 02:20:00,-247.146389,4863.012860999999,-11228.175539000002
2023-01-04 02:25:00,1342.152094,4048.4643730000003,-11477.582237
2023-01-04 02:30:00,2867.1295440000004,3088.823688,-11503.200877000001
2023-01-04 02:35:00,4293.019641,2006.000422,-11304.886014
2023-01-04 02:40:00,5588.070034,825.635532,-10886.853132999999
2023-01-04 02:45:00,6724.282255,-423.545744,-10257.569413000001
2023-01-04 02:50:00,7678.044061,-1710.463594,-9429.563888
2023-01-04 02:55:00,8430.640813,-3002.47678,-8419.162221999999
2023-01-04 03:00:00,8968.635768,-4266.218742,-7246.1523990000005
2023-01-04 03:05:00,9284.112530999999,-5468.455399,-5933.388548999999
2023-01-04 03:10:00,9374.776266,-6576.943042999999,-4506.341038
2023-01-04 03:15:00,9243.91377,-7561.264881,-2992.601696
2023-01-04 03:20:00,8900.215789999998,-8393.625473999999,-1421.3536980000001
2023-01-04 03:25:00,8357.468275000001,-9049.583482,177.183944
2023-01-04 03:30:00,7634.1222419999995,-9508.704727,1772.326981
2023-01-04 03:35:00,6752.75476,-9755.119707,3333.5012540000002
2023-01-04 03:40:00,5739.435957000001,-9777.972119999999,4830.812506
2023-01-04 03:45:00,4623.018908,-9571.747730000001,6235.600819
2023-01-04 03:50:00,3434.370747,-9136.475787000001,7520.9703930000005
2023-01-04 03:55:00,2205.564273,-8477.798139,8662.286065
2023-01-04 04:00:00,969.0498220000001,-7606.904116000001,9637.628764000001
2023-01-04 04:05:00,-243.172813,-6540.332087000001,10428.202878
2023-01-04 04:10:00,-1400.36296,-5299.641277,11018.689308
2023-01-04 04:15:00,-2473.809409,-3910.9600299999997,11397.538721
2023-01-04 04:20:00,-3437.544711,-2404.419045,11557.200216
2023-01-04 04:25:00,-4268.986859000001,-813.4804760000001,11494.281127
2023-01-04 04:30:00,-4949.493052,825.8240069999999,11209.634293
2023-01-04 04:35:00,-5464.8118890000005,2475.730732,10708.369664999998
2023-01-04 04:40:00,-5805.422103,4097.639483,9999.787944
2023-01-04 04:45:00,-5966.748167999999,5653.047082,9097.234828
2023-01-04 04:50:00,-5949.2455549999995,7104.497306,8017.875627
2023-01-04 04:55:00,-5758.351354,8416.523647,6782.391468000001
2023-01-04 05:00:00,-5404.299249,9556.560125,5414.600079
2023-01-04 05:05:00,-4901.801591,10495.794755,3941.006228
2023-01-04 05:10:00,-4269.605278,11209.940526,2390.289169
2023-01-04 05:15:00,-3529.932362,11679.899993,792.736713
2023-01-04 05:20:00,-2707.820307,11892.301923,-820.36222
2023-01-04 05:25:00,-1830.3806980000002,11839.891832000001,-2417.352832
2023-01-04 05:30:00,-925.9983639999999,11521.762745,-3966.8622459999997
2023-01-04 05:35:00,-23.495354,10943.417816,-5438.443892
2023-01-04 05:40:00,848.7145300000001,10116.662135,-6803.202573
2023-01-04 05:45:00,1663.454604,9059.326774000001,-8034.384946
2023-01-04 05:50:00,2395.572369,7794.833536,-9107.921427
2023-01-04 05:55:00,3022.66125,6351.613912,-10002.907221000001
2023-01-04 06:00:00,3525.6960520000002,4762.400064,-10702.012275000001
2023-01-04 06:05:00,3889.564488,3063.409096,-11191.81236
2023-01-04 06:10:00,4103.480834,1293.4442990000002,-11463.035863
2023-01-04 06:15:00,4161.2717680000005,-507.061473,-11510.723238
2023-01-04 06:20:00,4061.528443,-2297.034583,-11334.298147
2023-01-04 06:25:00,3807.622782,-4035.755971,-10937.551229
2023-01-04 06:30:00,3407.5896660000003,-5683.838301,-10328.538976
2023-01-04 06:35:00,2873.8801719999997,-7204.161341,-9519.401609999999
2023-01-04 06:40:00,2222.994159,-8562.743607,-8526.105059
2023-01-04 06:45:00,1475.003418,-9729.530352,-7368.113184999999
2023-01-04 06:50:00,652.979122,-10679.08026,-6067.997434999999
2023-01-04 06:55:00,-217.660495,-11391.135828,-4650.991884
2023-01-04 07:00:00,-1109.864456,-11851.065331,-3144.502492
2023-01-04 07:05:00,-1995.7062919999998,-12050.167378,-1577.580003
2023-01-04 07:10:00,-2847.1642349999997,-11985.832471999998,19.633518
2023-01-04 07:15:00,-3636.904018,-11661.559394,1616.4742660000002
2023-01-04 07:20:00,-4339.044121,-11086.827741000001,3182.332009
2023-01-04 07:25:00,-4929.883923,-10276.831284,4687.220875
2023-01-04 07:30:00,-5388.576419,-9252.080027,6102.335712
2023-01-04 07:35:00,-5697.728704,-8037.881692,7400.584647
2023-01-04 07:40:00,-5843.915349000001,-6663.715817,8557.08922
2023-01-04 07:45:00,-5818.0919380000005,-5162.5157,9549.644175000001
2023-01-04 07:50:00,-5615.898357,-3569.875009,10359.129875
2023-01-04 07:55:00,-5237.843834,-1923.197142,10969.871009
2023-01-04 08:00:00,-4689.368256,-260.806258,11369.936052
2023-01-04 08:05:00,-3980.776778,1378.960516,11551.372528000002
2023-01-04 08:10:00,-3127.047354,2958.659795,11510.373796
2023-01-04 08:15:00,-2147.513466,4442.627624,11247.373587
2023-01-04 08:20:00,-1065.4270530000001,5797.824157,10767.065176999999
2023-01-04 08:25:00,92.590456,6994.617677,10078.342717
2023-01-04 08:30:00,1297.198128,8007.488814,9194.163245
2023-01-04 08:35:00,2517.072621,8815.636804,8131.329019999999
2023-01-04 08:40:00,3719.715463,9403.471092,6910.191274
2023-01-04 08:45:00,4872.310694,9760.973539999999,5554.278192
2023-01-04 08:50:00,5942.610441,9883.919195,4089.851937
2023-01-04 08:55:00,6899.823869,9773.94692,2545.401867
2023-01-04 09:00:00,7715.483682,9438.475357000001,951.083397
2023-01-04 09:05:00,8364.263915,8890.464368,-661.885823
2023-01-04 09:10:00,8824.723525000001,8148.027092,-2261.858858
2023-01-04 09:15:00,9079.952027000001,7233.902915,-3817.406607
2023-01-04 09:20:00,9118.096353,6174.806458,-5297.963243
2023-01-04 09:25:00,8932.751931,5000.672117,-6674.454012
2023-01-04 09:30:00,8523.205586,3743.817192,-7919.889948
2023-01-04 09:35:00,7894.522856,2438.049225,-9009.915223
2023-01-04 09:40:00,7057.477553999999,1117.744633,-9923.294618
2023-01-04 09:45:00,6028.326486,-183.073992,-10642.330745
2023-01-04 09:50:00,4828.436884,-1431.63533,-11153.203039
2023-01-04 09:55:00,3483.7782570000004,-2597.266668,-11446.222956
2023-01-04 10:00:00,2024.293769,-3652.168723,-11516.002074999999
2023-01-04 10:05:00,483.16903499999995,-4572.098478,-11361.531962
2023-01-04 10:10:00,-1103.981638,-5336.943883999999,-10986.17647
2023-01-04 10:15:00,-2699.990093,-5931.177769,-10397.578835999999
2023-01-04 10:20:00,-4267.047759,-6344.181860000001,-9607.487335000002
2023-01-04 10:25:00,-5767.634856,-6570.4354220000005,-8631.5045
2023-01-04 10:30:00,-7165.442537,-6609.566485,-7488.765967
2023-01-04 10:35:00,-8426.265619999998,-6466.2670530000005,-6201.555974000001
2023-01-04 10:40:00,-9518.844471,-6150.076966,-4794.867458
2023-01-04 10:45:00,-10415.63599,-5675.044209,-3295.915444
2023-01-04 10:50:00,-11093.49548,-5059.272349000001,-1733.613142
2023-01-04 10:55:00,-11534.253438,-4324.368414,-138.020635
2023-01-04 11:00:00,-11725.173947000001,-3494.806747,1460.2235959999998
2023-01-04 11:05:00,-11659.284279,-2597.2262259999998,3030.477923
2023-01-04 11:10:00,-11335.568515,-1659.679602,4542.669321
2023-01-04 11:15:00,-10759.021259,-710.854564,5967.851648
2023-01-04 11:20:00,-9940.560791,220.713561,7278.7410310000005
2023-01-04 11:25:00,-8896.80415,1107.417705,8450.219599
2023-01-04 11:30:00,-7649.709559000001,1923.324452,9459.799621
2023-01-04 11:35:00,-6226.094217,2644.8708309999997,10288.040902
2023-01-04 11:40:00,-4657.037887,3251.4957259999996,10918.915078
2023-01-04 11:45:00,-2977.1848050000003,3726.1906919999997,11340.111117
2023-01-04 11:50:00,-1223.958411,4055.956727,11543.277024
2023-01-04 11:55:00,563.2948240000001,4232.155503,11524.193383
2023-01-04 12:00:00,2344.214677,4250.745736999999,11282.87503
2023-01-04 12:05:00,4078.370336,4112.39765,10823.59771
2023-01-04 12:10:00,5726.216914,3822.4809929999997,10154.847246
2023-01-04 12:15:00,7250.043554,3390.924821,9289.189539
2023-01-04 12:20:00,8614.890389,2831.950233,8243.06086
2023-01-04 12:25:00,9789.411032,2163.680587,7036.479291000001
2023-01-04 12:30:00,10746.657269,1407.637222,5692.679929
2023-01-04 12:35:00,11464.763335000001,588.132402,4237.678543999999
2023-01-04 12:40:00,11927.508810000001,-268.425191,2699.770622
2023-01-04 12:45:00,12124.741777000001,-1134.293672,1108.975021
2023-01-04 12:50:00,12052.647474,-1981.208207,-503.566324
2023-01-04 12:55:00,11713.85211,-2781.214328,-2106.219257
2023-01-04 13:00:00,11117.356749,-3507.498931,-3667.503927
2023-01-04 13:05:00,10278.301832000001,-4135.193188,-5156.741174
2023-01-04 13:10:00,9217.568688,-4642.122301,-6544.682745
2023-01-04 13:15:00,7961.229961,-5009.4788020000005,-7804.1098250000005
2023-01-04 13:20:00,6539.86579,-5222.398825,-8910.385535
2023-01-04 13:25:00,4987.766741,-5270.424233,-9841.948721
2023-01-04 13:30:00,3342.0476120000003,-5147.837478,-10580.738471
2023-01-04 13:35:00,1641.6982549999998,-4853.860392,-11112.541128
2023-01-04 13:40:00,-73.401471,-4392.712461,-11427.253918
2023-01-04 13:45:00,-1763.475462,-3773.5283769999996,-11519.061674
2023-01-04 13:50:00,-3389.8275759999997,-3010.138692,-11386.525267
2023-01-04 13:55:00,-4915.775565000001,-2120.7210240000004,-11032.582346000001
2023-01-04 14:00:00,-6307.520084,-1127.332458,-10464.462597
2023-01-04 14:05:00,-7534.928599000001,-55.336596,-9693.521197
2023-01-04 14:10:00,-8572.216726999999,1067.2589699999999,-8734.99532
2023-01-04 14:15:00,-9398.512419,2210.537039,-7607.689654
2023-01-04 14:20:00,-9998.29151,3343.4577639999998,-6333.597844
2023-01-04 14:25:00,-10361.676318,4434.677849000001,-4937.467681
2023-01-04 14:30:00,-10484.592389000001,5453.380959,-3446.318686
2023-01-04 14:35:00,-10368.781874,6370.098231,-1888.921419
2023-01-04 14:40:00,-10021.675482999999,7157.498165,-295.248388
2023-01-04 14:45:00,-9456.128319,7791.126079,1304.09321
2023-01-04 14:50:00,-8690.028023,8250.074730999999,2878.43657
2023-01-04 14:55:00,-7745.7866380000005,8517.569529999999,4397.62784
2023-01-04 15:00:00,-6649.730104,8581.454012,5832.586193
2023-01-04 15:05:00,-5431.401457000001,8434.563762,7155.841866999999
2023-01-04 15:10:00,-4122.795443,8074.979653,8342.043368
2023-01-04 15:15:00,-2757.5434210000003,7506.154096,9368.425763000001
2023-01-04 15:20:00,-1370.068054,6736.906745,10215.232853
2023-01-04 15:25:00,5.272415,5781.288856,10866.086792
2023-01-04 15:30:00,1335.030697,4658.318166,11308.299503
2023-01-04 15:35:00,2587.488602,3391.5886600000003,11533.120886
2023-01-04 15:40:00,3733.428245,2008.7621259999999,11535.919421
2023-01-04 15:45:00,4746.838638,540.9508320000001,11316.291274000001
2023-01-04 15:50:00,5605.541018,-977.996795,10878.094636
2023-01-04 15:55:00,6291.717567,-2512.293088,10229.406653
2023-01-04 16:00:00,6792.329772,-4025.073715,9382.401203
2023-01-04 16:05:00,7099.414635,-5479.306454,8353.146872000001
2023-01-04 16:10:00,7210.249344,-6838.724419,7161.325872
2023-01-04 16:15:00,7127.37795,-8068.759984,5829.876399
2023-01-04 16:20:00,6858.496975,-9137.4542,4384.562933
2023-01-04 16:25:00,6416.2008240000005,-10016.315812,2853.48122
2023-01-04 16:30:00,5817.5920719999995,-10681.104204,1266.506955
2023-01-04 16:35:00,5083.766126,-11112.511883,-345.30064600000003
2023-01-04 16:40:00,4239.184085,-11296.72442,-1950.3272439999998
2023-01-04 16:45:00,3310.951678,-11225.839144,-3517.049055
2023-01-04 16:50:00,2328.0257149999998,-10898.128249,-5014.680042999999
2023-01-04 16:55:00,1320.3722679999998,-10318.137172,-6413.804539
2023-01-04 17:00:00,318.10252399999996,-9496.614722999999,-7686.979601
2023-01-04 17:05:00,-649.387173,-8450.277173,-8809.292616
2023-01-04 17:10:00,-1554.245115,-7201.413881,-9758.861288
2023-01-04 17:15:00,-2370.939403,-5777.346911000001,-10517.265257
2023-01-04 17:20:00,-3076.9564530000002,-4209.761221,-11069.900891000001
2023-01-04 17:25:00,-3653.403818,-2533.92532,-11406.253184000001
2023-01-04 17:30:00,-4085.501862,-787.824701,-11520.081038
2023-01-04 17:35:00,-4362.952592000001,988.768069,-11409.514374
2023-01-04 17:40:00,-4480.1778269999995,2755.2619720000002,-11077.063460000001
2023-01-04 17:45:00,-4436.422722,4471.230135,-10529.542532
2023-01-04 17:50:00,-4235.724292999999,6097.382115,-9777.91115
2023-01-04 17:55:00,-3886.74811,7596.502426,-8837.038026
2023-01-04 18:00:00,-3402.499552,8934.333153000001,-7725.393149
2023-01-04 18:05:00,-2799.919062,10080.380194,-6464.675086
2023-01-04 18:10:00,-2099.373594,11008.62477,-5079.381258
2023-01-04 18:15:00,-1324.05881,11698.124256,-3596.329771
2023-01-04 18:20:00,-499.32863199999997,12133.489186,-2044.1420600000001
2023-01-04 18:25:00,348.02963,12305.226246999999,-452.696167
2023-01-04 18:30:00,1190.555224,12209.940403,1147.4391440000002
2023-01-04 18:35:00,2000.888935,11850.39271,2725.579017
2023-01-04 18:40:00,2752.543003,11235.413917,4251.49555
2023-01-04 18:45:00,3420.646302,10379.677312999998,5695.979266
2023-01-04 18:50:00,3982.646026,9303.337374,7031.379577
2023-01-04 18:55:00,4418.9483820000005,8031.543557,8232.115352
2023-01-04 19:00:00,4713.482402,6593.841162,9275.147468000001
2023-01-04 19:05:00,4854.172933,5023.473349000001,10140.405950999999
2023-01-04 19:10:00,4833.310967,3356.600175,10811.165201
2023-01-04 19:15:00,4647.8117649999995,1631.4519229999999,11274.361523
2023-01-04 19:20:00,4299.353539,-112.56493300000001,11520.847878
2023-01-04 19:25:00,3794.391963,-1835.7899040000002,11545.581379000001
2023-01-04 19:30:00,3144.0482420000003,-3499.238923,11347.739585000001
2023-01-04 19:35:00,2363.8711949999997,-5065.522617,10930.762219
2023-01-04 19:40:00,1473.476635,-6499.731597,10302.315605
2023-01-04 19:45:00,496.07034899999996,-7770.267899,9474.17808
2023-01-04 19:50:00,-542.1358710000001,-8849.602008,8462.045716
2023-01-04 19:55:00,-1612.60257,-9714.9357,7285.259051
2023-01-04 20:00:00,-2685.2195309999997,-10348.752138,5966.453042
2023-01-04 20:05:00,-3729.122299,-10739.236516,4531.134427
2023-01-04 20:10:00,-4713.546525000001,-10880.553237,3007.19288
2023-01-04 20:15:00,-5608.696059000001,-10772.969188,1424.354753
2023-01-04 20:20:00,-6386.599219,-10422.817018,-186.409578
2023-01-04 20:25:00,-7021.92714,-9842.297268999999,-1793.511704
2023-01-04 20:30:00,-7492.748634,-9049.123492,-3365.389907
2023-01-04 20:35:00,-7781.197593000001,-8066.019805,-4871.156926
2023-01-04 20:40:00,-7874.031644000001,-6920.085576,-6281.234705
2023-01-04 20:45:00,-7763.064426,-5642.046464999999,-7567.960409
2023-01-04 20:50:00,-7445.458194,-4265.414815,-8706.149046
2023-01-04 20:55:00,-6923.8682340000005,-2825.5850269999996,-9673.599685000001
2023-01-04 21:00:00,-6206.435456,-1358.891079,-10451.53424
2023-01-04 21:05:00,-5306.628350999999,98.34621899999999,-11024.960115
2023-01-04 21:10:00,-4242.9400319999995,1510.7552620000001,-11382.950403
2023-01-04 21:15:00,-3038.4500559999997,2844.807551,-11518.837727
2023-01-04 21:20:00,-1720.264189,4069.646302,-11430.320021
2023-01-04 21:25:00,-318.848028,5157.829409,-11119.478453
2023-01-04 21:30:00,1132.727323,6085.969425,-10592.709376
2023-01-04 21:35:00,2599.60759,6835.25652,-9860.573613
2023-01-04 21:40:00,4046.024516,7391.853743,-8937.56767
2023-01-04 21:45:00,5436.189892,7747.157347,-7841.822621
2023-01-04 21:50:00,6735.192184,7897.918404,-6594.737425
2023-01-04 21:55:00,7909.873638,7846.225387,-5220.5544
2023-01-04 22:00:00,8929.666419,7599.350733,-3745.885372
2023-01-04 22:05:00,9767.367502000001,7169.467678999999,-2199.197764
2023-01-04 22:10:00,10399.833648,6573.246699,-610.270414
2023-01-04 22:15:00,10808.579914999998,5831.3436440000005,990.370713
2023-01-04 22:20:00,10980.267563,4967.794135,2572.0266239999996
2023-01-04 22:25:00,10907.07,4009.3307489999997,4104.398919
2023-01-04 22:30:00,10586.908357999999,2984.641139,5558.152924
2023-01-04 22:35:00,10023.551429,1923.58628,6905.460746000001
2023-01-04 22:40:00,9226.577812000001,856.398642,8120.515259
2023-01-04 22:45:00,8211.20117,-187.11987599999998,9180.006791
2023-01-04 22:50:00,6997.9623839999995,-1178.380753,10063.555121
2023-01-04 22:55:00,5612.295037999999,-2090.753697,10754.09014
2023-01-04 23:00:00,4083.97308,-2900.2559079999996,11238.175343
2023-01-04 23:05:00,2446.4518139999996,-3586.169445,11506.268955
2023-01-04 23:10:00,736.115416,-4131.571917,11552.918105
2023-01-04 23:15:00,-1008.55373,-4523.767454,11376.882109999999
2023-01-04 23:20:00,-2747.866764,-4754.606886,10981.181553999999
2023-01-04 23:25:00,-4441.862278,-4820.688241999999,10373.070525000001
2023-01-04 23:30:00,-6051.261914,-4723.431070000001,9563.930088
2023-01-04 23:35:00,-7538.425475,-4469.0207199999995,8569.082035
2023-01-04 23:40:00,-8868.282057,-4068.2217659999997,7407.523318
2023-01-04 23:45:00,-10009.212893,-3536.063157,6101.5833
2023-01-04 23:50:00,-10933.861486,-2891.4013280000004,4676.507906000001
2023-01-04 23:55:00,-11619.847291999999,-2156.371367,3159.976893
2023-01-05 00:00:00,-12050.360768999999,-1355.740144,1581.562742
2023-01-05 00:05:00,-12214.620265000001,-516.178989,-27.858044999999997
2023-01-05 00:10:00,-12108.174899,334.523245,-1636.728374
2023-01-05 00:15:00,-11733.042261,1168.283322,-3213.4541990000002
2023-01-05 00:20:00,-11097.67508,1957.557857,-4727.052778
2023-01-05 00:25:00,-10216.756714,2676.1628509999996,-6147.789521
2023-01-05 00:30:00,-9110.831147,3300.053065,-7447.787612
2023-01-05 00:35:00,-7805.778763,3808.037233,-8601.595556
2023-01-05 00:40:00,-6332.154246,4182.407529,-9586.699344
2023-01-05 00:45:00,-4724.406999,4409.464917,-10383.968068
2023-01-05 00:50:00,-3020.0075699999998,4479.925829,-10978.024155
2023-01-05 00:55:00,-1258.505495,4389.199651999999,-11357.531762
2023-01-05 01:00:00,519.455038,4137.530686,-11515.399252000001
2023-01-05 01:05:00,2273.135199,3730.002306,-11448.893753
2023-01-05 01:10:00,3962.691344,3176.404949,-11159.667761
2023-01-05 01:15:00,5550.129940999999,2490.973166,-10653.699417
2023-01-05 01:20:00,7000.204609,1692.000313,-9941.149659
2023-01-05 01:25:00,8281.234407,801.342411,-9036.140775
2023-01-05 01:30:00,9365.824979,-156.174702,-7956.462057
2023-01-05 01:35:00,10231.476886,-1153.428663,-6723.209251
2023-01-05 01:40:00,10861.068386,-2161.736237,-5360.365419
2023-01-05 01:45:00,11243.203031,-3151.631928,-3894.331631
2023-01-05 01:50:00,11372.415787,-4093.669238,-2353.416646
2023-01-05 01:55:00,11249.234752,-4959.223889999999,-767.2952879999999
2023-01-05 02:00:00,10880.099071,-5721.278447,833.55436
2023-01-05 02:05:00,10277.136971999998,-6355.168419,2418.424619
2023-01-05 02:10:00,9457.811149000001,-6839.271068,3956.952421
2023-01-05 02:15:00,8444.441710000001,-7155.619712000001,5419.683949
2023-01-05 02:20:00,7263.619595,-7290.428335,6778.62007
2023-01-05 02:25:00,5945.525578,-7234.513562,8007.733524
2023-01-05 02:30:00,4523.171757,-6983.603542999999,9083.449606
2023-01-05 02:35:00,3031.583721,-6538.525869,9985.082824
2023-01-05 02:40:00,1506.942514,-5905.269271,10695.222834
2023-01-05 02:45:00,-14.294037,-5094.916531000001,11200.063716
2023-01-05 02:50:00,-1496.270849,-4123.448642,11489.671368000001
2023-01-05 02:55:00,-2904.596364,-3011.422848,11558.184482
2023-01-05 03:00:00,-4207.165339,-1783.529772,11403.945066
2023-01-05 03:05:00,-5374.924911,-468.037463,11029.555103
2023-01-05 03:10:00,-6382.565963999999,903.867105,10441.85648
2023-01-05 03:15:00,-7209.122805,2298.825758,9651.832193
2023-01-05 03:20:00,-7838.4655410000005,3682.129935,8674.427844
2023-01-05 03:25:00,-8259.671334999999,5018.595739,7528.293761
2023-01-05 03:30:00,-8467.263078,6273.471808,6235.44969
2023-01-05 03:35:00,-8461.306856000001,7413.356431,4820.8758880000005
2023-01-05 03:40:00,-8247.363116,8407.098647,3312.036617
2023-01-05 03:45:00,-7836.290425,9226.657182,1738.3442830000001
2023-01-05 03:50:00,-7243.9052489999995,9847.891178,130.574813
2023-01-05 03:55:00,-6490.50587,10251.257783,-1479.753093
2023-01-05 04:00:00,-5600.2732989999995,10422.39399,-3061.020444
2023-01-05 04:05:00,-4600.566503,10352.563526,-4582.156536
2023-01-05 04:10:00,-3521.133179,10038.953997999999,-6013.277506
2023-01-05 04:15:00,-2393.2603,9484.814658,-7326.298992999999
2023-01-05 04:20:00,-1248.890532,8699.430543,-8495.508124
2023-01-05 04:25:00,-119.73136,7697.934144000001,-9498.081537
2023-01-05 04:30:00,963.6165649999999,6500.960803999999,-10314.538106
2023-01-05 04:35:00,1972.4866240000001,5134.158779,-10929.11717
2023-01-05 04:40:00,2880.905837,3627.5689049999996,-11330.075439
2023-01-05 04:45:00,3666.266613,2014.892178,-11509.898113
2023-01-05 04:50:00,4309.893672,332.66598999999997,-11465.422039000001
2023-01-05 04:55:00,4797.492827,-1380.62851,-11197.870717
2023-01-05 05:00:00,5119.472033,-3085.50448,-10712.802789000001
2023-01-05 05:05:00,5271.128855000001,-4742.429053000001,-10019.977096
2023-01-05 05:10:00,5252.702122000001,-6312.780868,-9133.138723
2023-01-05 05:15:00,5069.289027,-7759.782303,-8069.731558
2023-01-05 05:20:00,4730.632264000001,-9049.384197000001,-6850.5439670000005
2023-01-05 05:25:00,4250.784935,-10151.082346000001,-5499.295119
2023-01-05 05:30:00,3647.663805,-11038.646826,-4042.170286
2023-01-05 05:35:00,2942.504105,-11690.747437999999,-2507.314151
2023-01-05 05:40:00,2159.2312930000003,-12091.461095,-924.2918070000001
2023-01-05 05:45:00,1323.767092,-12230.649943,676.472471
2023-01-05 05:50:00,463.288495,-12104.202172000001,2264.2683110000003
2023-01-05 05:55:00,-394.540669,-11714.130866,3808.6738530000002
2023-01-05 06:00:00,-1222.345636,-11068.529591,5280.1217560000005
2023-01-05 06:05:00,-1993.804248,-10181.386756999998,6650.446888
2023-01-05 06:10:00,-2684.378902,-9072.263948999998,7893.406618
2023-01-05 06:15:00,-3271.998749,-7765.846279,8985.165346000002
2023-01-05 06:20:00,-3737.675375,-6291.3753830000005,9904.735734
2023-01-05 06:25:00,-4066.036898,-4681.977847,10634.369878000001
2023-01-05 06:30:00,-4245.767323,-2973.903787,11159.894444
2023-01-05 06:35:00,-4269.940048,-1205.691847,11470.984471999998
2023-01-05 06:40:00,-4136.236655,582.721735,11561.371172000001
2023-01-05 06:45:00,-3847.044382,2350.931135,11428.979602
2023-01-05 06:50:00,-3409.428238,4059.006134,11075.992721
2023-01-05 06:55:00,-2834.976323,5668.433724,10508.838954
2023-01-05 07:00:00,-2139.519804,7143.034697,9738.101176999999
2023-01-05 07:05:00,-1342.732064,8449.833292,8778.346017999998
2023-01-05 07:10:00,-467.614791,9559.857955,7647.873654
2023-01-05 07:15:00,460.117795,10448.851719,6368.3899
2023-01-05 07:20:00,1412.7420020000002,11097.871863,4964.604215
2023-01-05 07:25:00,2361.297096,11493.760402,3463.759399
2023-01-05 07:30:00,3276.406145,11629.469681,1895.101031
2023-01-05 07:35:00,4129.12184,11504.231141,289.297096
2023-01-05 07:40:00,4891.772156999999,11123.559888,-1322.1796740000002
2023-01-05 07:45:00,5538.780006,10499.092927,-2907.692501
2023-01-05 07:50:00,6047.431338,9648.264383,-4436.088941999999
2023-01-05 07:55:00,6398.567522,8593.826577,-5877.341002
2023-01-05 08:00:00,6577.180224000001,7363.231103,-7203.161142
2023-01-05 08:05:00,6572.890336,5987.888771,-8387.57913
2023-01-05 08:10:00,6380.296542,4502.331113,-9407.466143
2023-01-05 08:15:00,5999.183629,2943.298921,-10242.994443
2023-01-05 08:20:00,5434.585247999999,1348.7849110000002,-10878.023216
2023-01-05 08:25:00,4696.700497999999,-242.94186100000002,-11300.40356
2023-01-05 08:30:00,3800.667994,-1794.302753,-11502.198044
2023-01-05 08:35:00,2766.205007,-3269.341725,-11479.812464
2023-01-05 08:40:00,1617.122727,-4634.599286999999,-11234.039456
2023-01-05 08:45:00,380.731596,-5859.907018,-10770.015403000001
2023-01-05 08:50:00,-912.846857,-6919.084322,-10097.093572
2023-01-05 08:55:00,-2231.44332,-7790.522145999999,-9228.63776
2023-01-05 09:00:00,-3541.6592370000003,-8457.641592,-8181.7418849999995
2023-01-05 09:05:00,-4809.719659,-8909.21869,-6976.882007
2023-01-05 09:10:00,-6002.338881,-9139.569922,-5637.508178
2023-01-05 09:15:00,-7087.577198,-9148.596559,-4189.5843939999995
2023-01-05 09:20:00,-8035.667498,-8941.689193,-2661.085654
2023-01-05 09:25:00,-8819.79125,-8529.49724,-1081.461718
2023-01-05 09:30:00,-9416.78485,-7927.571309,518.922345
2023-01-05 09:35:00,-9807.759086999999,-7155.889327,2109.358523
2023-01-05 09:40:00,-9978.616778000001,-6238.279895,3659.370798
2023-01-05 09:45:00,-9920.456171,-5201.758625,5139.28246
2023-01-05 09:50:00,-9629.850575999999,-4075.794952,6520.76608
2023-01-05 09:55:00,-9108.997625,-2891.528216,7777.366949
2023-01-05 10:00:00,-8365.734531,-1680.952565,8884.991549
2023-01-05 10:05:00,-7413.418674,-476.090518,9822.353428999999
2023-01-05 10:10:00,-6270.675585,691.825136,10571.369641000001
2023-01-05 10:15:00,-4961.019039,1793.141935,11117.501697000002
2023-01-05 10:20:00,-3512.350484,2800.532488,11450.035644
2023-01-05 10:25:00,-1956.347387,3689.67607,11562.296521
2023-01-05 10:30:00,-327.75241,4439.861051,11451.793017000002
2023-01-05 10:35:00,1336.422424,5034.493614,11120.288798
2023-01-05 10:40:00,2997.760266,5461.499961,10573.79761
2023-01-05 10:45:00,4617.35422,5713.611156000001,9822.500034
2023-01-05 10:50:00,6156.751883000001,5788.522086,8880.580697000001
2023-01-05 10:55:00,7578.907264,5688.918565000001,7765.9859369999995
2023-01-05 11:00:00,8849.116144,5422.369718999999,6500.103479
2023-01-05 11:05:00,9935.909851,5001.086152,5107.367526
2023-01-05 11:10:00,10811.882123,4441.548266,3614.7948300000003
2023-01-05 11:15:00,11454.424282,3764.0131260000003,2051.459624
2023-01-05 11:20:00,11846.345625,2991.912422,447.917615
2023-01-05 11:25:00,11976.358678999999,2151.1580320000003,-1164.408679
2023-01-05 11:30:00,11839.412762,1269.375195,-2753.869148
2023-01-05 11:35:00,11436.863959,375.08623,-4289.234555
2023-01-05 11:40:00,10776.475023,-503.13026299999996,-5740.338264999999
2023-01-05 11:45:00,9872.244422,-1337.478764,-7078.695312
2023-01-05 11:50:00,8744.069588,-2101.758871,-8278.083667
2023-01-05 11:55:00,7417.254889999999,-2772.125321,-9315.073964
2023-01-05 12:00:00,5921.87964,-3327.773446,-10169.495861
2023-01-05 12:05:00,4292.045468,-3751.530402,-10824.83144
2023-01-05 12:10:00,2565.025397,-4030.336033,-11268.528417
2023-01-05 12:15:00,780.3390420000001,-4155.601072,-11492.228296
2023-01-05 12:20:00,-1021.2205110000001,-4123.434362,-11491.906836999999
2023-01-05 12:25:00,-2798.582242,-3934.734825,-11267.926266
2023-01-05 12:30:00,-4511.38963,-3595.147742,-10825.000528999999
2023-01-05 12:35:00,-6120.965515,-3114.888599,-10172.076424
2023-01-05 12:40:00,-7591.226356,-2508.44107,-9322.134829
2023-01-05 12:45:00,-8889.524703,-1794.1387909999999,-8291.917331
2023-01-05 12:50:00,-9987.400826,-993.64325,-7101.584649
2023-01-05 12:55:00,-10861.226876,-131.332562,-5774.3141239999995
2023-01-05 13:00:00,-11492.729698000001,766.382115,-4335.844454
2023-01-05 13:05:00,-11869.381357,1671.794132,-2813.976562
2023-01-05 13:10:00,-11984.649717,2556.67331,-1238.040166
2023-01-05 13:15:00,-11838.104745999999,3393.0520610000003,361.66391600000003
2023-01-05 13:20:00,-11435.37978,4154.005287,1954.435385
2023-01-05 13:25:00,-10787.990414000002,4814.404043,3509.749645
2023-01-05 13:30:00,-9913.016974,5351.623859,4997.826355
2023-01-05 13:35:00,-8832.659644,5746.189915,6390.18155
2023-01-05 13:40:00,-7573.6779910000005,5982.343028,7660.1541019999995
2023-01-05 13:45:00,-6166.728982,6048.5124160000005,8783.398009
2023-01-05 13:50:00,-4645.619473000001,5937.683462,9738.332789
2023-01-05 13:55:00,-3046.490608,5647.6510880000005,10506.545012
2023-01-05 14:00:00,-1406.952698,5181.151847,11073.134836
2023-01-05 14:05:00,234.810139,4545.870408,11427.002124
2023-01-05 14:10:00,1840.945884,3754.318661,11561.067441
2023-01-05 14:15:00,3374.8312450000003,2823.58827,11472.423785
2023-01-05 14:20:00,4801.93916,1774.980114,11162.415423
2023-01-05 14:25:00,6090.657497,633.516797,10636.640812000001
2023-01-05 14:30:00,7213.039643,-572.652664,9904.877276000001
2023-01-05 14:35:00,8145.468359,-1812.943937,8980.926099999999
2023-01-05 14:40:00,8869.215402,-3055.109113,7882.377907
2023-01-05 14:45:00,9370.881034,-4266.070966,6630.299744
2023-01-05 14:50:00,9642.699791,-5412.798842,5248.847135
2023-01-05 14:55:00,9682.701847999999,-6463.202816,3764.806501
2023-01-05 15:00:00,9494.722955,-7387.020989,2207.0756039999997
2023-01-05 15:05:00,9088.260207000001,-8156.673802,606.091981
2023-01-05 15:10:00,8478.175712,-8748.059221000001,-1006.778512
2023-01-05 15:15:00,7684.255215,-9141.263789,-2599.879154
2023-01-05 15:20:00,6730.633758,-9321.16673,-4141.910589
2023-01-05 15:25:00,5645.1051,-9277.917561,-5602.573925
2023-01-05 15:30:00,4458.335717,-9007.271765000001,-6953.192752999999
2023-01-05 15:35:00,3203.00746,-8510.773923,-8167.298814000001
2023-01-05 15:40:00,1912.915106,-7795.782875,-9221.16736
2023-01-05 15:45:00,622.046103,-6875.338739,-10094.290189
2023-01-05 15:50:00,-636.33038,-5767.876582999999,-10769.776496999999
2023-01-05 15:55:00,-1830.5390830000001,-4496.796079,-11234.67412
2023-01-05 16:00:00,-2931.3150210000003,-3089.900358,-11480.206065999999
2023-01-05 16:05:00,-3912.53923,-1578.72056,-11501.919546000001
2023-01-05 16:10:00,-4751.875749,2.2549430000000004,-11299.746781
2023-01-05 16:15:00,-5431.295083,1616.425787,-10877.978710000001
2023-01-05 16:20:00,-5937.472973,3225.977278,-10245.154288000002
2023-01-05 16:25:00,-6262.05689,4792.807689,-9413.8694
2023-01-05 16:30:00,-6401.796192,6279.462218000001,-8400.51056
2023-01-05 16:35:00,-6358.535348,7650.050785,-7224.919667
2023-01-05 16:40:00,-6139.0730109999995,8871.12753,-5909.997049
2023-01-05 16:45:00,-5754.892981999999,9912.511,-4481.250928
2023-01-05 16:50:00,-5221.7761,10748.025666,-2966.302203
2023-01-05 16:55:00,-4559.304906,11356.147359999999,-1394.354012
2023-01-05 17:00:00,-3790.275322,11720.537671,204.363959
2023-01-05 17:05:00,-2940.0316949999997,11830.455048,1799.166156
2023-01-05 17:10:00,-2035.743217,11681.033406999999,3359.486437
2023-01-05 17:15:00,-1105.640895,11273.422317,4855.447652
2023-01-05 17:20:00,-178.234929,10614.786257,6258.415672
2023-01-05 17:25:00,718.467627,9718.163617,7541.528598
2023-01-05 17:30:00,1557.725412,8602.189177999999,8680.192651000001
2023-01-05 17:35:00,2314.786826,7290.686578,9652.536941
2023-01-05 17:40:00,2967.558037,5812.139862,10439.820115
2023-01-05 17:45:00,3497.198818,4199.055533,11026.782661000001
2023-01-05 17:50:00,3888.631775,2487.22851,11401.939387
2023-01-05 17:55:00,4130.952388,714.9272169999999,11557.807216
2023-01-05 18:00:00,4217.729343999999,-1077.985345,11491.064035
2023-01-05 18:05:00,4147.186785,-2850.9761940000003,11202.634897
2023-01-05 18:10:00,3922.2625150000003,-4563.792869,10697.702458
2023-01-05 18:15:00,3550.5388080000002,-6177.418777,9985.639262
2023-01-05 18:20:00,3044.0453190000003,-7655.011214,9079.860467
2023-01-05 18:25:00,2418.93681,-8962.799146,7997.596832
2023-01-05 18:30:00,1695.051714,-10070.917589,6759.589329
2023-01-05 18:35:00,895.361109,-10954.155735999999,5389.708463999999
2023-01-05 18:40:00,45.321241,-11592.597022,3914.503452
2023-01-05 18:45:00,-827.853741,-11972.131169,2362.688544
2023-01-05 18:50:00,-1695.9788999999998,-12084.821093,764.576182
2023-01-05 18:55:00,-2530.7228059999998,-11929.111367000001,-848.5311770000001
2023-01-05 19:00:00,-3304.444314,-11509.869748,-2444.9767319999996
2023-01-05 19:05:00,-3991.0161409999996,-10838.258655,-3993.397315
2023-01-05 19:10:00,-4566.609622999999,-9931.439278999998,-5463.367755
2023-01-05 19:15:00,-5010.416117,-8812.116639,-6826.025661999999
2023-01-05 19:20:00,-5305.282662,-7507.9393310000005,-8054.661252
2023-01-05 19:25:00,-5438.242585,-6050.772457,-9125.258184
2023-01-05 19:30:00,-5400.925423000001,-4475.866018,-10016.973154
2023-01-05 19:35:00,-5189.834776,-2820.943815,-10712.544208000001
2023-01-05 19:40:00,-4806.487057,-1125.239564,-11198.620048
2023-01-05 19:45:00,-4257.4085159999995,571.492481,-11466.005026
2023-01-05 19:50:00,-3553.9921120000004,2229.965423,-11509.816829
2023-01-05 19:55:00,-2712.219669,3812.320385,-11329.555975
2023-01-05 20:00:00,-1752.258213,5283.035980000001,-10929.088049
2023-01-05 20:05:00,-697.942407,6609.764822,-10316.541187
2023-01-05 20:10:00,423.842383,7764.077909,-9504.122693
2023-01-05 20:15:00,1583.8596189999998,8722.100441999999,-8507.859859
2023-01-05 20:20:00,2751.285199,9465.025719000001,-7347.27117
2023-01-05 20:25:00,3894.515238,9979.496847999999,-6044.975029
2023-01-05 20:30:00,4981.997263,10257.849390000001,-4626.244056
2023-01-05 20:35:00,5983.063601,10298.211382,-3118.513765
2023-01-05 20:40:00,6868.745897,10104.460682,-1550.855114
2023-01-05 20:45:00,7612.5502910000005,9686.042972,46.579083
2023-01-05 20:50:00,8191.173962,9057.657071,1643.1236040000001
2023-01-05 20:55:00,8585.145354,8238.817261,3208.175839
2023-01-05 21:00:00,8779.372401,7253.305053,4711.766184
2023-01-05 21:05:00,8763.585389,6128.52514,6125.114020999999
2023-01-05 21:10:00,8532.663649,4894.782271,7421.159885
2023-01-05 21:15:00,8086.838086,3584.497228,8575.065152000001
2023-01-05 21:20:00,7431.764345,2231.381101,9564.671322
2023-01-05 21:25:00,6578.464261,869.587535,10370.911795
2023-01-05 21:30:00,5543.135923999999,-467.137278,10978.16986
2023-01-05 21:35:00,4346.835352,-1746.287374,11374.577338
2023-01-05 21:40:00,3015.035244,-2937.393598,11552.248955000001
2023-01-05 21:45:00,1577.068818,-4012.7657969999996,11507.448078
2023-01-05 21:50:00,65.469234,-4948.163356,11240.680054999999
2023-01-05 21:55:00,-1484.782357,-5723.378046,10756.710039000001
2023-01-05 22:00:00,-3037.0846979999997,-6322.714660000001,10064.503025
2023-01-05 22:05:00,-4554.102395999999,-6735.356732,9177.084604
2023-01-05 22:10:00,-5998.689807,-6955.606701000001,8111.322023
2023-01-05 22:15:00,-7334.830365,-6982.992399000001,6887.626548
2023-01-05 22:20:00,-8528.567040999998,-6822.234759999999,5529.580002999999
2023-01-05 22:25:00,-9548.898458,-6483.075306,4063.4904500000002
2023-01-05 22:30:00,-10368.614789000001,-5979.965913,2517.884224
2023-01-05 22:35:00,-10965.048119000001,-5331.627613,922.943757
2023-01-05 22:40:00,-11320.713488,-4560.489597,-690.097152
2023-01-05 22:45:00,-11423.819547000001,-3692.023831,-2289.587007
2023-01-05 22:50:00,-11268.631629000001,-2753.994643,-3844.1041579999996
2023-01-05 22:55:00,-10855.674727,-1775.64587,-5323.102301
2023-01-05 23:00:00,-10191.769301999999,-786.85042,-6697.537955
2023-01-05 23:05:00,-9289.898392000001,182.751548,-7940.464468
2023-01-05 23:10:00,-8168.910196999999,1104.5994950000002,-9027.578314999999
2023-01-05 23:15:00,-6853.065595,1952.018909,-9937.705197000001
2023-01-05 23:20:00,-5371.444848,2700.9636370000003,-10653.215606
2023-01-05 23:25:00,-3757.231625,3330.673231,-11160.362002
